Region;Cluster;Country Name;Country Code;Log GDP pc (Constant 2021 international $, 2023);Governance score (-2,5 to 2,5, 2023);Human capital index plus  (HCI+): overall score (0-325, 2025);Gross capital formation (% of GDP, 2023);Trade (% of GDP, (2023);Total natural resources rents (% of GDP, 2021);Manufacturing, value added (% of GDP, 2023);Services, value added (% of GDP, 2023)
Western Europe;W. Europe;Austria;AUT;11,07498311;1,284584582;252,1193688;26,0041364;115,1529148;0,117855774;15,94139153;62,5799869
Western Europe;W. Europe;Belgium;BEL;11,05240317;1,094508037;246,0074152;25,31955523;165,8469465;0,044891429;11,96305366;70,25664854
Eastern Europe;E. Europe;Bulgaria;BGR;10,40649725;0,173546501;226,2343878;19,78775263;119,899506;0,917744336;;62,43209677
Eastern Europe;E. Europe;Croatia;HRV;10,62910684;0,511090887;239,8695957;24,66593164;107,278314;0,681198197;12,22469612;59,82638529
Middle East;Middle East;Cyprus;CYP;10,84843817;0,643490538;257,1839005;21,47251986;190,7407884;0,012764565;4,642738074;76,22187138
Eastern Europe;E. Europe;Czechia;CZE;10,76971393;1,06206738;249,6722293;28,21892109;131,8925983;0,394999591;20,43306128;59,69759735
Western Europe;W. Europe;Denmark;DNK;11,14734268;1,775950829;265,1787743;23,64461978;129,6253374;0,338664386;16,35427358;63,90795153
Eastern Europe;E. Europe;Estonia;EST;10,62834211;1,256347358;262,15863;25,24151239;154,5926171;1,721225984;11,41211806;65,13566523
Western Europe;W. Europe;Finland;FIN;10,93757694;1,673156867;256,7910879;22,9633349;85,56339061;0,448312841;14,46079869;61,77358822
Western Europe;W. Europe;France;FRA;10,90221916;1,026970615;251,2444492;22,92787493;70,62614506;0,032536637;9,76870497;70,21190384
Western Europe;W. Europe;Germany;DEU;11,05151476;1,317690114;257,3546094;21,99428343;81,96254838;0,077084899;18,94025326;63,61544897
Western Europe;W. Europe;Greece;GRC;10,51054602;0,381642523;221,9455483;16,16828258;92,47108829;0,087521945;8,947903331;68,66541163
Eastern Europe;E. Europe;Hungary;HUN;10,60493159;0,368179229;235,9341262;26,03189463;158,3857475;0,402362636;17,11473553;58,2753662
Western Europe;W. Europe;Iceland;ISL;11,12900259;1,462049007;266,6612149;25,15121177;87,40494191;0,000106968;8,762856153;65,37691096
Western Europe;W. Europe;Ireland;IRL;11,67727082;1,489124904;269,522887;26,65828039;239,6496276;0,100988231;29,80455262;60,29833734
Western Europe;W. Europe;Italy;ITA;10,87559752;0,649068018;224,8872903;23,07845644;65,10717788;0,112009125;15,47576015;64,3071085
Eastern Europe;E. Europe;Latvia;LVA;10,52615115;0,865145892;252,5758681;24,69162984;135,6429892;1,165119754;10,88175096;63,86003152
Eastern Europe;E. Europe;Lithuania;LTU;10,73986258;1,041688253;258,1780068;21,93417152;149,041909;0,28612663;14,5770128;63,08990704
Western Europe;W. Europe;Luxembourg;LUX;11,77566597;1,70150582;239,8636948;16,42591098;402,5669682;0,004751368;4,051330401;81,81472383
Western Europe;W. Europe;Malta;MLT;11,00904889;0,61142409;254,5650523;19,83812981;221,0618355;0;5,846418092;81,72894659
Western Europe;W. Europe;Netherlands;NLD;11,15908834;1,523441603;270,6276278;20,08050409;165,0304295;0,340536679;10,47153075;70,05417409
Western Europe;W. Europe;Norway;NOR;11,40851381;1,669178943;266,0069458;24,2545661;80,36384564;10,04827639;6,047563108;49,95819905
Eastern Europe;E. Europe;Poland;POL;10,68448;0,568634669;259,0938638;17,66845061;110,024935;1,030243808;17,45786722;58,20112823
Western Europe;W. Europe;Portugal;PRT;10,63989188;0,905124138;249,3550058;20,49727686;93,13585371;0,291415692;12,08098024;66,29237561
Eastern Europe;E. Europe;Romania;ROU;10,59955186;0,263496682;198,6480417;26,20972857;83,37533241;1,144376067;13,87552936;60,91017227
Eastern Europe;E. Europe;Slovenia;SVN;10,7784859;0,913983832;252,5536357;22,51000187;160,1596693;0,189323915;19,51983987;57,86847365
Western Europe;W. Europe;Spain;ESP;10,76474313;0,730017588;240,5093493;21,1209265;71,79763661;0,115181022;10,95101288;68,68919674
Western Europe;W. Europe;Sweden;SWE;11,0455227;1,547477822;270,0122356;25,26265276;107,6197094;1,208279799;13,39413891;65,46466842
Western Europe;W. Europe;Switzerland;CHE;11,31806927;1,730750442;264,9156764;25,98714672;135,3200022;0,009107403;17,8373115;72,16327805
Western Europe;W. Europe;United Kingdom;GBR;10,87033227;1,225591491;261,2007678;18,4594014;64,99238417;0,58854426;8,223928516;72,42319135
North America;N. America;United States;USA;11,21396289;0,994831347;251,7241064;21,87927096;25,29032979;1,27994423;;
Middle East;Middle East;Afghanistan;AFG;7,592775838;-1,732498924;80,24853723;15,29248239;67,58466515;0,42852545;7,540916863;46,37436987
Eastern Europe;E. Europe;Albania;ALB;9,927254656;0,04647322;203,4597413;23,43928614;82,3524934;1,442601467;7,203061146;47,66499082
Maghreb;Maghreb;Algeria;DZA;9,626371083;-0,740610679;155,0672038;37,61687651;43,73979845;22,59027035;9,120183589;45,54767956
Oceania;Oceania;American Samoa;ASM;;0,948849964;;;;0;;
Western Europe;W. Europe;Andorra;AND;11,07645404;1,355774204;;;;0;3,397436996;78,31102274
Sub-Saharan Africa;Sub-Sah. Africa;Angola;AGO;9,08117214;-0,759673576;;12,30763186;53,03348363;29,96743484;7,322949841;41,80516767
Central America & Caribbean;C. Am. & Carib.;Antigua and Barbuda;ATG;10,25674823;0,549511199;;;;0;2,612997219;69,06171408
South America;S. America;Argentina;ARG;10,21208916;-0,204226548;199,9181684;19,38226329;26,67695125;2,65308889;16,52555002;53,19907395
Central Asia & Caucasus;C. Asia & Cauc.;Armenia;ARM;9,873170144;-0,158780659;223,6054513;22,94130545;123,4187501;7,054299824;10,23922397;60,34503208
Central America & Caribbean;C. Am. & Carib.;Aruba;ABW;10,64458576;1,028838197;;22,33538548;159,0185969;0,002066128;;
Oceania;Oceania;Australia;AUS;11,01345116;1,543355534;269,9849651;23,87310425;49,04433932;13,35787528;5,269356422;63,63658235
Central Asia & Caucasus;C. Asia & Cauc.;Azerbaijan;AZE;9,966966389;-0,67429952;207,5157827;17,74318516;83,53588612;29,93839456;5,133746561;39,76474964
Central America & Caribbean;C. Am. & Carib.;Bahamas, The;BHS;10,46940543;0,598820844;;22,86314852;76,54947516;0,014754006;0,855198968;78,55847243
Middle East;Middle East;Bahrain;BHR;10,96508838;0,11165645;233,9289837;29,16809887;157,4478547;16,64003372;20,12978825;51,94495255
South Asia;South Asia;Bangladesh;BGD;9,017046599;-0,816258967;146,7078336;30,95120008;30,98297141;0,610069178;22,34201887;51,11191294
Central America & Caribbean;C. Am. & Carib.;Barbados;BRB;9,96733861;0,831942171;;;;0,328405869;5,151420759;75,49994808
Eastern Europe;E. Europe;Belarus;BLR;10,23215937;-1,120622029;250,4199407;24,71167918;131,5846749;1,863302402;22,159252;48,80556409
Central America & Caribbean;C. Am. & Carib.;Belize;BLZ;9,423111002;-0,090714989;;18,91120965;106,4005059;0,523036537;6,490611461;62,1308415
Sub-Saharan Africa;Sub-Sah. Africa;Benin;BEN;8,221804848;-0,272609317;124,7763372;34,53066218;44,66313082;2,304420283;10,06208682;47,72222641
North America;N. America;Bermuda;BMU;11,54299237;1,017679894;;11,19924115;73,59091864;0;0,3310782;91,45616827
South Asia;South Asia;Bhutan;BTN;9,589481759;0,591222189;151,2333513;45,2657365;81,73662787;2,73325446;7,851818485;52,79078009
South America;S. America;Bolivia;BOL;9,360152301;-0,7421023;;18,98353597;49,60832556;9,467694196;11,8359231;53,79780169
Eastern Europe;E. Europe;Bosnia and Herzegovina;BIH;9,893689724;-0,452553744;191,6242025;27,04339975;99,6330318;0,813398711;13,27653281;55,91111573
Sub-Saharan Africa;Sub-Sah. Africa;Botswana;BWA;9,848634259;0,591164768;156,9053828;30,29587849;68,80335784;1,038534439;5,624335455;59,19373539
South America;S. America;Brazil;BRA;9,856386103;-0,280233741;202,9183987;15,76064721;33,66622983;7,941111999;13,25316362;59,17893586
Southeast Asia;SE Asia;Brunei Darussalam;BRN;11,24657037;0,865686039;207,6189786;29,62820737;136,8634347;24,28001394;10,37913399;38,83861
Sub-Saharan Africa;Sub-Sah. Africa;Burkina Faso;BFA;7,818513413;-0,844729046;107,134397;20,40191813;63,13268517;20,13540144;9,92731815;47,57533241
Sub-Saharan Africa;Sub-Sah. Africa;Burundi;BDI;6,943283724;-1,255374531;114,2595168;;;13,95703399;12,49098255;43,63225467
Sub-Saharan Africa;Sub-Sah. Africa;Cabo Verde;CPV;9,130047515;0,583814841;;21,72510715;95,03249433;17,65772345;4,948391074;68,88702038
Southeast Asia;SE Asia;Cambodia;KHM;8,809159864;-0,726127481;138,9165872;33,29447962;134,2068424;0,835283716;26,3329384;36,15180321
Sub-Saharan Africa;Sub-Sah. Africa;Cameroon;CMR;8,491926912;-1,081221114;126,9318152;19,2850919;37,89033212;5,525982684;13,21809966;50,87438449
North America;N. America;Canada;CAN;10,95984354;1,434681187;256,8889383;23,89490117;66,63233134;4,949055814;;
Central America & Caribbean;C. Am. & Carib.;Cayman Islands;CYM;11,28572189;0,975568031;;;;0;0,968058132;85,98394123
Sub-Saharan Africa;Sub-Sah. Africa;Central African Republic;CAF;7,032338637;-1,623278975;105,9504873;23,74775622;43,48057021;10,26019576;17,95123789;40,51077245
Sub-Saharan Africa;Sub-Sah. Africa;Chad;TCD;7,796920947;-1,411102871;89,38082363;19,30019072;46,89510151;21,34293126;7,667849837;30,32032253
South America;S. America;Chile;CHL;10,29430179;0,731849032;226,1506443;23,36205501;60,72472369;16,90441688;9,406336549;57,6027445
East Asia;East Asia;China;CHN;10,0295507;-0,290107509;218,1945012;41,12971025;36,10519237;1,707564883;25,49916683;56,33797757
South America;S. America;Colombia;COL;9,819181477;-0,209067894;197,6341909;16,43968491;40,38813249;5,323964454;10,86899724;56,74022222
Sub-Saharan Africa;Sub-Sah. Africa;Comoros;COM;8,141598033;-1,023342503;135,2882754;13,01448795;45,68377892;1,628434134;;50,57817285
Sub-Saharan Africa;Sub-Sah. Africa;Congo, Dem. Rep.;COD;7,352016693;-1,584513684;121,5427299;34,07812732;86,74005818;38,82726652;8,245797513;45,92240272
Sub-Saharan Africa;Sub-Sah. Africa;Congo, Rep.;COG;8,727824837;-1,012427438;124,7588705;25,21095599;96,2103944;37,71254809;;40,4265379
Central America & Caribbean;C. Am. & Carib.;Costa Rica;CRI;10,165068;0,650150547;192,4605268;15,25659372;72,47199908;0,763407374;13,61878752;67,99307844
Sub-Saharan Africa;Sub-Sah. Africa;Cote d'Ivoire;CIV;8,782767508;-0,376177796;114,6142304;24,54444788;48,81700391;4,735022062;13,26065441;52,27152066
Central America & Caribbean;C. Am. & Carib.;Cuba;CUB;;-0,558285482;;21,41857058;120,5338784;;11,08409761;73,2022455
Sub-Saharan Africa;Sub-Sah. Africa;Djibouti;DJI;8,781198968;-0,893611918;72,4308512;-3,735261218;285,9020438;0,27711049;4,702003775;77,11527486
Central America & Caribbean;C. Am. & Carib.;Dominica;DMA;9,813465758;0,634965648;;;;0,033067868;3,841832665;58,31900862
Central America & Caribbean;C. Am. & Carib.;Dominican Republic;DOM;10,05545683;0,047675863;173,6678372;27,81456285;49,84361318;2,077113185;12,52666399;59,59114876
South America;S. America;Ecuador;ECU;9,571018623;-0,536270915;184,1760158;20,65059327;56,99775356;6,699437202;13,29947124;58,62158996
Maghreb;Maghreb;Egypt, Arab Rep.;EGY;9,722648141;-0,680516027;161,193016;16,49073399;40,45040077;5,139120075;15,06390984;51,64877208
Central America & Caribbean;C. Am. & Carib.;El Salvador;SLV;9,343528223;-0,276707172;156,6751823;20,68468249;81,71477234;0,535264948;12,49068794;60,76190836
Sub-Saharan Africa;Sub-Sah. Africa;Equatorial Guinea;GNQ;9,660666565;-1,269342758;;9,359992604;61,44328152;23,50006405;24,64465903;50,37469761
Sub-Saharan Africa;Sub-Sah. Africa;Eritrea;ERI;;-1,674866438;;;;;;
Sub-Saharan Africa;Sub-Sah. Africa;Eswatini;SWZ;9,228328027;-0,742898534;133,5243938;20,82775191;99,72461108;2,99915238;29,18531677;51,89399827
Sub-Saharan Africa;Sub-Sah. Africa;Ethiopia;ETH;7,922246278;-0,992540225;123,4306987;22,16940396;20,59820151;5,867073474;4,47900684;36,97959258
Oceania;Oceania;Fiji;FJI;9,487578452;0,357036823;192,8305064;;;2,252903613;11,84026876;56,22809011
Sub-Saharan Africa;Sub-Sah. Africa;Gabon;GAB;9,836354884;-0,771254857;129,3702897;18,07606611;91,47865332;18,49334409;20,53646785;37,80937798
Sub-Saharan Africa;Sub-Sah. Africa;Gambia, The;GMB;7,994159597;-0,323109009;113,9039126;27,44597498;39,96201732;2,856730411;1,699589395;55,02533259
Central Asia & Caucasus;C. Asia & Cauc.;Georgia;GEO;10,02528604;0,371999527;207,3034766;24,99879452;107,1511792;1,38946631;8,355354909;62,05591519
Sub-Saharan Africa;Sub-Sah. Africa;Ghana;GHA;8,825932655;-0,013873659;151,1035484;10,11677345;64,38786153;13,3474845;11,14142626;43,11276913
Central America & Caribbean;C. Am. & Carib.;Grenada;GRD;9,746433445;0,540546381;182,5907321;;;0;3,548455934;65,06888228
Oceania;Oceania;Guam;GUM;;0,851805091;;;;0;;
Central America & Caribbean;C. Am. & Carib.;Guatemala;GTM;9,424237184;-0,693746068;142,3207069;16,4754437;48,29707075;1,929285125;14,01110985;61,40318751
Sub-Saharan Africa;Sub-Sah. Africa;Guinea;GIN;8,269967979;-1,003093978;104,2876716;23,4269897;95,82952676;4,51955879;;37,21498091
Sub-Saharan Africa;Sub-Sah. Africa;Guinea-Bissau;GNB;7,898699447;-1,010301615;112,5510199;25,16227349;40,47454529;10,42850377;8,641450475;42,14392314
South America;S. America;Guyana;GUY;10,80593005;-0,248310739;158,3433522;;;33,68327117;2,255785104;18,76718635
Central America & Caribbean;C. Am. & Carib.;Haiti;HTI;7,994951392;-1,506319424;141,1739761;13,85368367;30,7854237;0,327641966;24,47841491;47,54864475
Central America & Caribbean;C. Am. & Carib.;Honduras;HND;8,774603673;-0,744332443;140,4269225;22,18643096;98,79197983;1,224553137;15,20653935;57,57181593
East Asia;East Asia;Hong Kong SAR, China;HKG;11,07340538;1,071812078;258,364619;16,13969662;353,0075001;0,000992609;0,945428852;91,37047296
South Asia;South Asia;India;IND;9,137958482;-0,063363679;158,7611599;33,36231036;44,99284229;3,159345376;13,018629;49,50718784
Southeast Asia;SE Asia;Indonesia;IDN;9,538922629;-0,004027337;175,3689801;30,34258647;41,33628687;5,157040085;18,66741645;42,87935174
Middle East;Middle East;Iran, Islamic Rep.;IRN;9,743601469;-1,358400166;180,4553217;43,7728069;49,3935501;30,44806009;21,6209509;47,62891657
Middle East;Middle East;Iraq;IRQ;9,488148063;-1,535692513;;24,0865197;69,4613208;43,44585769;3,016036251;43,66794089
Middle East;Middle East;Israel;ISR;10,76905643;0,509964963;248,5707779;26,1101982;57,99032071;0,44142475;11,72863944;72,14684131
Central America & Caribbean;C. Am. & Carib.;Jamaica;JAM;9,341264422;0,194641276;200,1253372;;;0,457652062;7,937255463;59,88290973
East Asia;East Asia;Japan;JPN;10,73331933;1,348072092;283,7944818;26,18216375;45,15087956;0,047304463;20,58104872;69,77279581
Middle East;Middle East;Jordan;JOR;9,14647942;-0,004516035;170,2096904;;100,3478688;0,077664097;17,28639023;60,77757421
Central Asia & Caucasus;C. Asia & Cauc.;Kazakhstan;KAZ;10,45458819;-0,296298773;229,7875173;28,15713554;62,33428377;26,84231733;12,28818841;56,34446867
Sub-Saharan Africa;Sub-Sah. Africa;Kenya;KEN;8,646786238;-0,475581506;170,8101736;16,57075047;41,11109042;1,227928578;7,487436484;55,47434715
Oceania;Oceania;Kiribati;KIR;8,052163814;0,468997013;161,8945576;25,84597395;107,6037785;0,043500143;4,71737601;67,10602287
East Asia;East Asia;Korea, Rep.;KOR;10,89728258;1,023225208;266,9022869;31,89122009;82,25800907;0,049812575;25,45514208;58,88462322
Eastern Europe;E. Europe;Kosovo;XKX;9,563824443;-0,2139145;;33,94562931;109,9518516;0,928898943;12,91912412;46,56465223
Middle East;Middle East;Kuwait;KWT;10,77430803;0,115127469;194,5024568;17,72216612;96,07978816;;7,551628847;52,07390138
Central Asia & Caucasus;C. Asia & Cauc.;Kyrgyz Republic;KGZ;8,791147784;-0,85118103;197,5045516;34,45900595;132,3734039;11,50654102;12,56159792;51,29934844
Southeast Asia;SE Asia;Lao PDR;LAO;9,032666707;-0,6992685;135,560141;;;5,382761126;9,247877358;43,99741651
Middle East;Middle East;Lebanon;LBN;9,335233073;-1,193380117;160,1005319;1,897544099;104,2064101;0,002764038;;42,38046234
Sub-Saharan Africa;Sub-Sah. Africa;Lesotho;LSO;7,861661402;-0,468179039;99,46026304;27,22066872;141,5137559;4,317881905;13,98369435;50,56696057
Sub-Saharan Africa;Sub-Sah. Africa;Liberia;LBR;7,388280693;-0,710226622;;;;21,91560009;;40,49037585
Maghreb;Maghreb;Libya;LBY;9,431609968;-1,739289125;;16,88042567;159,4338253;61,03470894;;23,9767815
Western Europe;W. Europe;Liechtenstein;LIE;;1,614764949;;;;;34,17263272;57,4267189
East Asia;East Asia;Macao SAR, China;MAC;11,55995408;0,846380512;255,778757;15,2974689;145,8744673;0,000724556;0,761339915;90,86120292
Sub-Saharan Africa;Sub-Sah. Africa;Madagascar;MDG;7,396004547;-0,801285505;119,2137863;19,90835555;61,13304169;5,531188643;12,79792623;48,45839905
Sub-Saharan Africa;Sub-Sah. Africa;Malawi;MWI;7,408105466;-0,425020814;123,8416891;14,48307716;42,4376684;4,222504213;12,80203107;45,12449201
Southeast Asia;SE Asia;Malaysia;MYS;10,39994041;0,443322477;200,6172733;22,80175902;132,5934616;6,921966349;23,02023389;53,54665056
South Asia;South Asia;Maldives;MDV;10,01382282;-0,147161124;;33,05093471;149,3499762;0,003701822;1,966084284;70,76392092
Sub-Saharan Africa;Sub-Sah. Africa;Mali;MLI;7,958726609;-1,233087331;93,45265807;21,54522849;57,53326218;18,4178822;7,471172638;35,8983947
Oceania;Oceania;Marshall Islands;MHL;8,824915318;0,507735858;145,2293859;19,29662148;118,4935975;0;2,622441536;69,71851369
Maghreb;Maghreb;Mauritania;MRT;8,74456383;-0,730341415;;44,54397831;92,16544451;11,44875209;6,504273998;43,02083168
Sub-Saharan Africa;Sub-Sah. Africa;Mauritius;MUS;10,18998189;0,737367988;183,5174849;19,92323511;147,3213921;0,002715269;11,5004474;64,86585768
North America;N. America;Mexico;MEX;9,995029212;-0,490528251;193,4685337;23,89451843;73,57886164;3,643073388;20,41802243;57,5637379
Oceania;Oceania;Micronesia, Fed. Sts.;FSM;8,246622571;0,540970465;;;97,85502687;0,017847756;0,512878129;69,62967309
Eastern Europe;E. Europe;Moldova;MDA;9,679748782;-0,156559866;221,7211902;20,084591;93,99462115;0,235942049;8,353124263;61,51581914
Western Europe;W. Europe;Monaco;MCO;;1,323450049;;;;0;;88,49654129
East Asia;East Asia;Mongolia;MNG;9,694176877;-0,080190614;209,453828;33,90037316;142,8642466;33,13721627;6,298087452;41,04336841
Eastern Europe;E. Europe;Montenegro;MNE;10,21257087;0,151851085;218,8646103;25,44748659;116,8066695;0,637197672;2,895407312;63,96245094
Maghreb;Maghreb;Morocco;MAR;9,095529964;-0,270166486;147,0509409;28,99835987;93,11788442;0,391702933;15,79185315;53,71475027
Sub-Saharan Africa;Sub-Sah. Africa;Mozambique;MOZ;7,321371349;-0,85700048;;19,53527454;106,0586134;14,90747686;7,117491499;41,10861806
Southeast Asia;SE Asia;Myanmar;MMR;8,587490966;-1,665326715;149,1855317;;;8,678503809;25,91919968;39,68484399
Sub-Saharan Africa;Sub-Sah. Africa;Namibia;NAM;9,224013725;0,275472019;140,689701;28,01249835;110,770714;4,030580594;11,05678154;53,29284823
Oceania;Oceania;Nauru;NRU;9,42323324;0,354842531;161,6440218;;143,9555556;0;;
South Asia;South Asia;Nepal;NPL;8,489046834;-0,448185958;133,2148668;31,14930015;41,57015029;0,49893691;4,540323153;55,37116847
Oceania;Oceania;New Zealand;NZL;10,809895;1,712726971;263,6683334;23,82113156;50,40643168;1,494113565;;
Central America & Caribbean;C. Am. & Carib.;Nicaragua;NIC;8,922195428;-1,023752821;178,0803234;22,15112274;105,0030976;3,840808938;14,43312629;46,49824988
Sub-Saharan Africa;Sub-Sah. Africa;Niger;NER;7,432225937;-0,849019627;101,4705996;21,684407;46,47555806;6,409070472;;46,51225401
Sub-Saharan Africa;Sub-Sah. Africa;Nigeria;NGA;8,967483103;-1,005022009;130,6874365;;;8,552954238;9,273101249;51,71432474
Eastern Europe;E. Europe;North Macedonia;MKD;10,06285259;0,032060892;202,4515812;29,62780589;147,7942535;0,136921064;14,38584029;56,92486875
Middle East;Middle East;Oman;OMN;10,53989549;0,186556806;206,1728249;26,66189809;106,446731;29,21157927;9,349045867;45,30403833
South Asia;South Asia;Pakistan;PAK;8,597624006;-1,038318773;129,5812746;13,96814704;28,46769255;1,435616333;13,64679346;50,96933527
Oceania;Oceania;Palau;PLW;9,706619036;0,755609622;226,609413;35,62496783;106,6975903;0;1,139365299;74,76885391
Central America & Caribbean;C. Am. & Carib.;Panama;PAN;10,48773883;-0,050726948;174,1615567;37,49288994;88,34891053;3,66479486;4,950972795;67,75734553
Oceania;Oceania;Papua New Guinea;PNG;8,344231155;-0,519315256;;;;27,38668125;1,660447279;42,0273807
South America;S. America;Paraguay;PRY;9,669414965;-0,342806052;180,8405729;20,15838497;82,40521077;1,347015878;19,40710341;48,13946638
South America;S. America;Peru;PER;9,637409229;-0,320024206;206,3738461;19,18440898;50,78518421;12,72470823;12,61927846;51,20611698
Southeast Asia;SE Asia;Philippines;PHL;9,200141838;-0,20338811;175,4483121;23,40615162;67,41996932;1,972633396;16,23032629;62,40201096
Central America & Caribbean;C. Am. & Carib.;Puerto Rico (US);PRI;10,66517849;0,287598058;;14,23993703;101,657551;0;43,68665109;51,57912097
Middle East;Middle East;Qatar;QAT;11,66619569;0,638721565;228,5884014;;;27,2897874;8,493014565;44,74635368
Eastern Europe;E. Europe;Russian Federation;RUS;10,59381426;-1,091121366;248,7904571;27,00761363;40,83432641;18,51093944;12,74645929;56,73546281
Sub-Saharan Africa;Sub-Sah. Africa;Rwanda;RWA;8,027149812;0,099274468;156,9442009;23,58552154;64,90690414;4,017236341;9,541066267;45,71433675
Oceania;Oceania;Samoa;WSM;8,907036337;0,661265492;164,3652093;36,06808303;80,84051252;0,280275449;4,803020606;70,73737402
Western Europe;W. Europe;San Marino;SMR;11,16975591;1,215503166;;16,58287753;340,983395;;31,76683878;56,89555265
Sub-Saharan Africa;Sub-Sah. Africa;Sao Tome and Principe;STP;8,619984712;-0,247379214;106,6317403;;;1,88439596;0,605602081;77,6368608
Middle East;Middle East;Saudi Arabia;SAU;11,07413898;0,105701461;209,7651967;29,20163985;54,16901183;25,56524182;15,89168373;44,75498568
Sub-Saharan Africa;Sub-Sah. Africa;Senegal;SEN;8,367477012;-0,08263662;109,3686663;41,92883942;71,39302491;4,40159712;14,54350517;49,58673358
Eastern Europe;E. Europe;Serbia;SRB;10,15561655;-0,078378099;230,3863768;24,61609349;114,4920646;1,746317665;13,29056204;57,78629706
Sub-Saharan Africa;Sub-Sah. Africa;Seychelles;SYC;10,26239747;0,702918885;226,5516473;20,57434155;180,8272625;0,120645133;4,690838732;67,32329206
Sub-Saharan Africa;Sub-Sah. Africa;Sierra Leone;SLE;8,017948938;-0,69372763;116,63967;19,70510164;55,28679694;9,037014141;7,665355364;42,16244437
Southeast Asia;SE Asia;Singapore;SGP;11,77186268;1,629702507;282,3709629;21,24379777;325,6932241;0,000180989;16,97555944;72,69073027
Eastern Europe;E. Europe;Slovak Republic;SVK;10,58451713;0,535509532;232,0076574;19,72761847;181,3908724;0,226150294;16,84694621;60,02524245
Oceania;Oceania;Solomon Islands;SLB;7,757724539;-0,187556826;;21,22404084;101,1345318;18,39504852;10,16557697;47,96462585
Sub-Saharan Africa;Sub-Sah. Africa;Somalia, Fed. Rep.;SOM;7,245403504;-1,974190215;;23,60832269;103,1210075;11,23569349;;
Sub-Saharan Africa;Sub-Sah. Africa;South Africa;ZAF;9,524813505;-0,099971638;132,1358907;15,3913175;65,67987597;7,328578592;12,98000555;62,72056863
Sub-Saharan Africa;Sub-Sah. Africa;South Sudan;SSD;;-2,070535342;;;;;;
South Asia;South Asia;Sri Lanka;LKA;9,474621293;-0,329063252;;24,58503428;43,5362303;0,083244497;18,05057324;59,84150649
Central America & Caribbean;C. Am. & Carib.;St. Kitts and Nevis;KNA;10,32929688;0,585489149;;;;0;4,062787254;65,47472862
Central America & Caribbean;C. Am. & Carib.;St. Lucia;LCA;10,06065129;0,583476324;201,0173972;;;0,01342949;3,308872277;76,25021908
Central America & Caribbean;C. Am. & Carib.;St. Vincent and the Grenadines;VCT;9,790220566;0,591710949;164,2324083;;;0,019329169;3,683541505;66,38561125
Sub-Saharan Africa;Sub-Sah. Africa;Sudan;SDN;7,687575034;-1,804705461;109,2757646;2,172798462;2,473728783;12,75021168;;41,38790526
South America;S. America;Suriname;SUR;9,853291887;-0,232656575;;;;9,592722094;25,48115388;48,83182711
Middle East;Middle East;Syrian Arab Republic;SYR;;-1,998078207;;;;;;
Central Asia & Caucasus;C. Asia & Cauc.;Tajikistan;TJK;8,405663494;-1,118999526;138,4691917;31,65130567;65,63470104;9,046347597;14,61257608;34,70826662
Sub-Saharan Africa;Sub-Sah. Africa;Tanzania;TZA;8,194448468;-0,387224933;132,6310686;41,00238874;38,21203481;6,69370907;8,398510723;28,69743463
Southeast Asia;SE Asia;Thailand;THA;9,961353268;-0,107481445;202,2971874;22,46050999;128,8241142;1,81702653;24,97928115;58,45681468
Southeast Asia;SE Asia;Timor-Leste;TLS;8,373571765;-0,282832784;;20,48845188;89,30465292;34,72974604;1,645114652;60,99929118
Sub-Saharan Africa;Sub-Sah. Africa;Togo;TGO;7,952344503;-0,659143324;136,1641785;;;7,864174198;11,72498821;48,77067269
Oceania;Oceania;Tonga;TON;8,85800161;0,281721029;175,7780009;25,93045137;79,6239205;0,040752466;4,964295897;49,98900877
Central America & Caribbean;C. Am. & Carib.;Trinidad and Tobago;TTO;10,34806451;0,031659799;189,9990569;18,98571706;;7,859368559;14,05733578;60,33315245
Maghreb;Maghreb;Tunisia;TUN;9,4454885;-0,374063132;161,1634554;8,207966404;112,128858;2,249230874;15,17352795;62,09312794
Middle East;Middle East;Turkiye;TUR;10,46507768;-0,560590195;228,2325156;34,58827651;65,68320847;0,827048727;19,46865145;54,35198245
Central Asia & Caucasus;C. Asia & Cauc.;Turkmenistan;TKM;9,790677367;-1,363247827;178,7687944;;34,0992738;;;49,4361478
Oceania;Oceania;Tuvalu;TUV;8,667748716;0,57157403;166,0962997;;;0;;
Sub-Saharan Africa;Sub-Sah. Africa;Uganda;UGA;7,934175215;-0,662620977;145,1760225;22,81601325;33,34169633;7,475520323;15,64934868;42,51253061
Eastern Europe;E. Europe;Ukraine;UKR;9,675140361;-0,621429626;220,3116257;18,07050464;77,50961419;7,512902364;8,312677157;61,21187195
Middle East;Middle East;United Arab Emirates;ARE;11,15967117;0,697471201;262,7698189;26,63867079;199,0449792;17,63409585;9,458613162;53,83519249
South America;S. America;Uruguay;URY;10,34365207;1,010941933;204,588747;17,53534249;52,91098707;1,927735205;9,744254844;65,65236876
Central Asia & Caucasus;C. Asia & Cauc.;Uzbekistan;UZB;9,211108627;-0,660865294;169,6120807;34,61562678;66,1051443;20,46516083;19,36369892;43,95284536
Oceania;Oceania;Vanuatu;VUT;8,075490079;0,16635592;136,4460045;;;0,568069761;;
South America;S. America;Venezuela, RB;VEN;;-1,697889328;;5,3260234;28,09460774;;;
Southeast Asia;SE Asia;Viet Nam;VNM;9,513841756;-0,339276905;214,3684196;31,64659598;164,8180713;2,547017088;24,17967245;42,29422796
Central America & Caribbean;C. Am. & Carib.;Virgin Islands (U.S.);VIR;;0,693812665;;;;;;
Middle East;Middle East;West Bank and Gaza;PSE;8,586930236;-0,971831699;157,9356879;25,59740922;79,53316637;0;9,929459488;58,53461752
Middle East;Middle East;Yemen, Rep.;YEM;;-1,953256051;;;;;;
Sub-Saharan Africa;Sub-Sah. Africa;Zambia;ZMB;8,208895863;-0,335020563;129,6845004;31,44506862;78,24188705;35,264148;8,502958799;56,81676424
Sub-Saharan Africa;Sub-Sah. Africa;Zimbabwe;ZWE;8,559873809;-1,179022104;139,3928181;10,02304326;40,2912612;6,398451611;15,27833091;49,56345425