country_id,country_name,year,gva_real_ppp,employment,employees,wage_pe_fte_real_ppp,prod_real_ppp_per_employee,prod_real_ppp_per_employed,employee_share_of_employment,ln_prod_real_ppp_per_employee,ln_prod_real_ppp_per_employed,ln_wage_real_ppp,g_prod_employee,g_prod_employed,g_wage_real_ppp,prod_employee_index,wage_real_ppp_index,prod_employed_index,gap_worker_employee,gap_worker_employed
CAN,Canada,1970,,8520.016547,7537.074214,,,,0.8846314056342878,,,,,,,,,,,
CAN,Canada,1971,,8703.452103,7714.440855,,,,0.8863656355781981,,,,,,,,,,,
CAN,Canada,1972,,8911.687807,7955.102553,,,,0.8926594743087144,,,,,,,,,,,
CAN,Canada,1973,,9327.840043,8394.87944,,,,0.8999810675677128,,,,,,,,,,,
CAN,Canada,1974,,9671.956007,8712.936181,,,,0.9008453072671218,,,,,,,,,,,
CAN,Canada,1975,,9798.161508,8837.432744,,,,0.9019480579886764,,,,,,,,,,,
CAN,Canada,1976,,9852.579384,8924.6898,,,,0.9058226736536792,,,,,,,,,,,
CAN,Canada,1977,,10065.75562,9122.90254,,,,0.9063306208103629,,,,,,,,,,,
CAN,Canada,1978,,10352.58267,9364.855504,,,,0.9045912312429764,,,,,,,,,,,
CAN,Canada,1979,,10812.55995,9775.95578,,,,0.904129625658168,,,,,,,,,,,
CAN,Canada,1980,,11160.74901,10120.79134,,,,0.906820082678304,,,,,,,,,,,
CAN,Canada,1981,,11489.19488,10418.65996,,,,0.9068224596082404,,,,,,,,,,,
CAN,Canada,1982,,11110.40545,10030.73078,,,,0.9028231080441803,,,,,,,,,,,
CAN,Canada,1983,,11202.17996,10076.50238,,,,0.8995126320038158,,,,,,,,,,,
CAN,Canada,1984,,11484.27879,10314.23954,,,,0.8981181777806703,,,,,,,,,,,
CAN,Canada,1985,,11885.6674,10651.72507,,,,0.8961823271278818,,,,,,,,,,,
CAN,Canada,1986,,12228.63834,11003.95876,,,,0.8998515169105901,,,,,,,,,,,
CAN,Canada,1987,,12599.20343,11349.7056,,,,0.9008272358691489,,,,,,,,,,,
CAN,Canada,1988,,13021.75867,11742.47625,,,,0.9017580917893021,,,,,,,,,,,
CAN,Canada,1989,,13334.26132,12027.44049,,,,0.9019952587819842,,,,,,,,,,,
CAN,Canada,1990,,13410.49204,12090.54154,50296.678,,,0.9015732982754897,,,10.825694310169272,,,,,,,,
CAN,Canada,1991,,13179.62762,11835.73329,50486.547,,,0.8980324506315605,,,10.829462183734119,,,0.0037678735648469797,,,,,
CAN,Canada,1992,,13050.58652,11678.7716,51223.562,,,0.8948848070622959,,,10.843954900482712,,,0.014492716748593537,,,,,
CAN,Canada,1993,,13156.75541,11697.20133,51112.61,,,0.8890642841250478,,,10.841786516786014,,,-0.0021683836966985837,,,,,
CAN,Canada,1994,,13413.35755,11916.88363,50531.712,,,0.888434054305814,,,10.830356378574864,,,-0.01143013821114991,,,,,
CAN,Canada,1995,,13626.07563,12136.0228,50418.618,,,0.890646957314738,,,10.828115790608225,,,-0.0022405879666393957,,,,,
CAN,Canada,1996,,13766.67369,12180.56036,50865.853,,,0.8847860154372555,,,10.836947112968293,,,0.008831322360068228,,,,,
CAN,Canada,1997,1031214.922,14036.08,12384.365,52423.11,83.26748460659873,73.4688689434657,0.882323625969644,4.422058132112816,4.296861764705813,10.867102803618105,,,0.030155690649811717,100.00000000000001,100.0,100.0,2.2204460492503128e-16,0.0
CAN,Canada,1998,1070128.107,14352.05,12630.865,53303.15,84.72326376697083,74.5627354280399,0.8800739267212698,4.4393902247127155,4.311640857312193,10.883750707844781,0.017332092599899873,0.014779092606380217,0.016647904226676502,101.74831648542045,101.67872527974771,101.48888434013588,0.000684188373223178,-0.0018688116202965849
CAN,Canada,1999,1125704.932,14729.22,13017.845,53736.393,86.4739849030312,76.4266493405625,0.8838108874740143,4.459843616136597,4.3363314487093865,10.891845760452783,0.020453391423881584,0.024690591397193096,0.008095052608002362,103.85084323320409,102.50516041493901,104.02589619199505,0.013042527189102543,0.014726727168894102
CAN,Canada,2000,1185399.587,15065.465,13445.885,55365.75,88.16077089756457,78.6832392495021,0.8924971781488324,4.479162089667242,4.365430162595898,10.921716450504828,0.019318473530645086,0.029098713886511085,0.02987069005204468,105.87658713852643,105.6132495763794,107.09738747992549,0.0024903106677026366,0.01395475100336068
CAN,Canada,2001,1204897.752,15204.855,13676.245,55137.869,88.10150388502107,79.24427769945851,0.8994656640921601,4.478489603000992,4.372535204465368,10.917592036750811,-0.0006724866662501938,0.007105041869470696,-0.004124413754016842,105.80541048076677,105.17855388587209,107.86102854045158,0.005942237755469394,0.025184206626847498
CAN,Canada,2002,1243698.395,15579.245,14015.505,54693.461,88.73732305757089,79.83046643146058,0.899626714901781,4.485680579365161,4.379905216449865,10.909499438302635,0.007190976364168655,0.007370011984496827,-0.008092598448175892,106.56899686211811,104.33082089177846,108.65890217105444,0.021225812567813584,0.04064681705952097
CAN,Canada,2003,1267637.734,15917.695,14326.515,54710.38,88.48193255652194,79.63701616345834,0.9000370342565303,4.48279837926834,4.377479011937833,10.909808732747514,-0.0028822000968204975,-0.0024262045120320153,0.00030929444487881597,106.26228590254541,104.36309482592692,108.39559300244439,0.018034318026114913,0.03791131810260956
CAN,Canada,2004,1309324.133,16179.225,14620.74,55892.446,89.55252148660054,80.92625777810741,0.9036736926521511,4.494825285414617,4.393538342207526,10.931184515843588,0.012026906146276772,0.01605933026969275,0.02137578309607413,107.54800857705234,106.61795151031659,110.15040648084589,0.008685441076317194,0.032594865276228485
CAN,Canada,2005,1350106.004,16426.295,14837.86,57506.9,90.99061481911811,82.1917543791829,0.9032992528138575,4.510756367342343,4.4090549853418075,10.959660219586018,0.015931081927726076,0.015516643134281694,0.028475703742429914,109.27508528570027,109.69761236981165,111.8729001292091,-0.003859180738385997,0.019635804668080792
CAN,Canada,2006,1388010.517,16672.89,15103.8,59258.083,91.89809961731486,83.24954563965815,0.9058897407707962,4.520680350337329,4.421842671063775,10.989657471633679,0.009923982994986424,0.012787685721967534,0.029997252047660794,110.36492822077176,113.03809140663331,113.31268173424405,-0.023932449791060198,0.0024262383423877083
CAN,Canada,2007,1415693.948,17006.56,15408.8,60840.573,91.87567805409897,83.24399220065669,0.9060503711508969,4.520436337686436,4.421775960498602,11.016012164474835,-0.00024401265089313284,-6.67105651732669e-05,0.026354692841156435,110.3380010674876,116.05677915713115,113.30512283333633,-0.050531155283109815,-0.023995165063941958
CAN,Canada,2008,1431093.601,17249.955,15646.98,61908.661,91.46132998188789,82.96216430709529,0.9070736706269668,4.515916259802377,4.418384652142872,11.03341536810946,-0.0045200778840595035,-0.003391308355729983,0.01740320363462544,109.84039017631117,118.09421646292998,112.92152104714542,-0.07245443680179499,-0.04478967705429728
CAN,Canada,2009,1386728.892,16999.685,15379.26,62311.323,90.1687657273497,81.57379927922193,0.9046791161130338,4.50168308913322,4.401508123146072,11.039898437859803,-0.01423317066915697,-0.016876528996800033,0.006483069750341741,108.28808646418996,118.8623166385968,111.03178863688916,-0.09317067722129321,-0.06814927580143963
CAN,Canada,2010,1432567.554,17372.215,15757.325,62422.417,90.91438768953486,82.46314899971017,0.9070417905834115,4.509918269071335,4.412351514758555,11.041679736638711,0.008235179938115067,0.010843391612483266,0.0017812987789085355,109.18354039282477,119.07423462667496,112.24230097126659,-0.08671679606208689,-0.059087182967864874
CAN,Canada,2011,1480361.406,17651.855,16047.56,63173.717,92.24837956673787,83.86435340648335,0.9091146511230689,4.52448471709414,4.429200653184168,11.053643623383769,0.014566448022804934,0.016849138425612864,0.01196388674505755,110.7855965657781,120.50738119123406,114.14950932621133,-0.08411423478433952,-0.05420193128730891
CAN,Canada,2012,1508982.119,17873.36,16287.865,63921.863,92.64456200981527,84.42632605173286,0.9112928402941585,4.528770257105039,4.4358792730091965,11.065416725822685,0.004285540010899425,0.006678619825028598,0.011773102438915828,111.26139146332929,121.93451132525315,114.91442193930999,-0.09160179721235587,-0.05929641390119692
CAN,Canada,2013,1547336.797,18116.63,16509.98,64599.0,93.72130051035798,85.40974767382234,0.9113162878526524,4.540325490094298,4.447460235660545,11.075954209774718,0.011555232989258535,0.011580962651348337,0.010537483952033355,112.55449945816042,123.22618783967592,116.25297748839056,-0.09058404817513076,-0.058252935201881136
CAN,Canada,2014,1591960.182,18166.715,16594.85,65442.989,95.93097750205636,87.63060256078218,0.913475551303579,4.56362894852105,4.473130281236999,11.08893464566141,0.023303458426751966,0.02567004557645447,0.012980435886692732,115.20820876874919,124.8361438304593,119.27582909737447,-0.08026102563507222,-0.04556332551211962
CAN,Canada,2015,1605072.061,18329.815,16757.805,65924.573,95.7805667866406,87.56618989335135,0.914237541404537,4.562059812485601,4.472394963319008,11.096266534143249,-0.001569136035448615,-0.0007353179179911962,0.007331888481838078,115.02757317476389,125.75479211363057,119.18815568092323,-0.08916205015235797,-0.05363053191194935
CAN,Canada,2016,1622178.307,18481.83,16904.86,64675.087,95.95928667850546,87.77151975751319,0.9146745749744478,4.563924004414326,4.474737071681568,11.077131352240801,0.0018641919287247788,0.0023421083625603245,-0.01913518190244723,115.24220664509055,123.37132802689491,119.46763441404467,-0.06816267632118589,-0.03215324164694154
CAN,Canada,2017,1672609.318,18897.075,17317.04,65726.977,96.58748365771517,88.5115457286379,0.9163873244933409,4.570449164063003,4.483133003715288,11.093264729023971,0.006525159648677281,0.008395932033719689,0.01613337678316995,115.9966391611893,125.37786674617334,120.47489909875644,-0.07777089345567952,-0.03989068639639153
CAN,Canada,2018,1720708.879,19249.0,17640.08,66959.594,97.54541243577125,89.39211798015481,0.9164153982025042,4.5803180381393025,4.493032512522558,11.11184464182359,0.009868874076299328,0.009899508807269974,0.018579912799618015,117.14706274199261,127.72915227654357,121.67346423822319,-0.08648193217899762,-0.04857109038873996
CAN,Canada,2019,1755298.469,19678.055,18051.265,67227.517,97.23963772068052,89.20081120822155,0.9173297360943446,4.5771784238206665,4.490890133807184,11.115837921864193,-0.0031396143186359637,-0.002142378715373816,0.0039932800406035085,116.77984291238519,128.24023031063956,121.41307262653191,-0.09361482653823676,-0.0547067491447167
CAN,Canada,2020,1669808.388,17716.895,16355.995,69662.78,102.09151983722177,94.24949394349292,0.9231863145319764,4.625869664299239,4.545945457013896,11.151421451248863,0.04869124047857287,0.05505532320671147,0.03558352938467024,122.60670575021943,132.88563002080548,128.2849393203779,-0.08050711544433473,-0.03523495532267589
CAN,Canada,2021,1769403.901,19179.56,17692.745,70001.671,100.00731378878744,92.25466595688326,0.9224791913891662,4.605243321201521,4.524552861119947,11.156274392175149,-0.02062634309771827,-0.02139259589394893,0.004852940926285854,120.10368063990026,133.532083464716,125.56973760937198,-0.10598639946833896,-0.06148049214291038
CAN,Canada,2022,1853017.737,20095.405,18601.45,69304.208,99.61684368691688,92.2110172449871,0.9256568852431689,4.6013312636149655,4.52407961631958,11.146260904835241,-0.003912057586555662,-0.0004732448003670342,-0.010013487339907812,119.63474597264644,132.201633974024,125.51032644308638,-0.09988496971498685,-0.05194024960337024
CAN,Canada,2023,1890003.445,20772.775,19299.7,69299.313,97.92916185225677,90.98463951012803,0.9290862679637168,4.584244379054771,4.510690695677102,11.146190271708942,-0.017086884560194804,-0.013388920642477764,-7.06331262989579e-05,117.60792620904527,132.19229648908635,123.84107829418298,-0.1169012211488828,-0.06525853711954847
FRA,France,1970,934585.6406,21261.0,16937.0,,55.180116939245444,43.95774613611778,0.7966229246037345,4.010602688019324,3.7832288574320794,,,,,66.49075912235153,,60.43625145968119,,
FRA,France,1971,984591.8234,21363.0,17167.0,,57.353749833983805,46.08864969339512,0.8035856387211534,4.049238226511693,3.8305667091323876,,0.038635538492369115,0.04733785170030824,,69.10993626877902,,63.36596998585757,,
FRA,France,1972,1024240.071,21497.0,17432.0,,58.75631430702157,47.645721309950225,0.8109038470484253,4.073398624815293,3.8637928319436132,,0.02416039830360006,0.03322612281122561,,70.79999387835242,,65.50674334278672,,
FRA,France,1973,1087481.544,21799.0,17831.0,,60.98825326678257,49.886762879031146,0.817973301527593,4.110681276232437,3.9097556946010688,,0.037282651417144486,0.04596286265745553,,73.48942847872951,,68.58788748018574,,
FRA,France,1974,1150507.856,22002.0,18117.0,,63.50432499862008,52.29105790382692,0.8234251431688029,4.15110801379374,3.9568253794703696,,0.04042673756130277,0.047069684869300854,,76.52123646928455,,71.89348413775473,,
FRA,France,1975,1134966.996,21832.0,18036.0,,62.92786626746507,51.98639593257604,0.8261267863686332,4.141989090519783,3.9509820676725838,,-0.009118923273956803,-0.005843311797785855,,75.82661708891234,,71.47461308263502,,
FRA,France,1976,1176840.56,22015.0,18286.0,,64.35746253964783,53.45630524642289,0.8306154894390189,4.164452895300465,3.978864595834982,,0.02246380478068133,0.027882528162398224,,77.54924738852866,,73.4955494754949,,
FRA,France,1977,1227875.686,22213.0,18540.0,,66.22846202804746,55.27734596857696,0.8346463782469725,4.19311031054596,4.012363167608184,,0.0286574152454957,0.033498571773201924,,79.80375831024698,,75.99924642714534,,
FRA,France,1978,1269079.899,22347.0,18722.0,,67.78548760816152,56.789721170626926,0.8377858325502304,4.216348124957741,4.039355344045045,,0.023237814411780633,0.02699217643686147,,81.67993796584086,,78.07856795854156,,
FRA,France,1979,1308092.307,22501.0,18906.0,,69.18926832751508,58.13485209546243,0.8402293231411937,4.236845768624846,4.062765347960845,,0.02049764366710516,0.023410003915799393,,83.37146112397238,,79.9279501031087,,
FRA,France,1980,1336641.053,22608.0,19052.0,,70.15751905311778,59.1224811128804,0.8427105449398443,4.250742986166151,4.079611243162594,,0.013897217541305018,0.016845895201749173,,84.53818075664324,,81.2858130713492,,
FRA,France,1981,1353677.782,22593.0,19085.0,,70.92888561697667,59.91580498384455,0.8447306687912185,4.2616777640652925,4.092940326475162,,0.010934777899141324,0.013329083312568102,,85.46765954787246,,82.37653143543662,,
FRA,France,1982,1385133.561,22656.0,19218.0,,72.07480284108648,61.13760421080509,0.8482521186440678,4.277704508051928,4.113127130395695,,0.01602674398663506,0.020186803920532626,,86.84846318419548,,84.05634834609391,,
FRA,France,1983,1403122.195,22638.0,19244.0,,72.9121905528996,61.98083730894955,0.8500750949730541,4.289255847982282,4.126825261609261,,0.011551339930354843,0.013698131213566,,87.85749592509174,,85.21568548318866,,
FRA,France,1984,1426690.442,22528.0,19198.0,,74.31453495155746,63.32965385298296,0.8521839488636364,4.3083065577808,4.148353684746513,,0.01905070979851775,0.02152842313725234,,89.54728835014951,,87.07013488047481,,
FRA,France,1985,1448493.868,22487.0,19226.0,,75.34036554665558,64.41472263974741,0.8549828789967536,4.32201605421198,4.165342219400909,,0.013709496431180135,0.01698853465439587,,90.7833903880286,,88.5619650085456,,
FRA,France,1986,1479282.028,22601.0,19377.0,,76.34215967384011,65.45206088226185,0.8573514446263439,4.335225337116558,4.181317979748058,,0.01320928290457779,0.01597576034714887,,91.9905290404195,,89.98817177263251,,
FRA,France,1987,1511311.695,22805.0,19619.0,,77.03306463122483,66.27106752905065,0.8602937952203464,4.344234740478381,4.1937534147534095,,0.009009403361822876,0.012435435005351714,,92.82305346490533,,91.11420065271216,,
FRA,France,1988,1579898.701,23030.0,19876.0,,79.48775915677199,68.60176730351715,0.8630481980026053,4.3756030369344545,4.228318296841935,,0.03136829645607353,0.03456488208852537,,95.7809033476233,,94.31861329958679,,
FRA,France,1989,1653813.309,23434.0,20330.0,,81.34841657648795,70.57324012119143,0.8675428864043697,4.398741369142337,4.256651037536629,,0.02313833220788286,0.028332740694693825,,98.02295231681568,,97.02913504894897,,
FRA,France,1990,1702547.193,23650.0,20616.0,45417.772,82.58377924912689,71.98931048625792,0.8717124735729387,4.413813284113205,4.276517642525326,10.723658761175905,0.015071914970867795,0.019866604988697745,,99.51153564087093,,98.97604980665176,,
FRA,France,1991,1724597.561,23711.0,20781.0,45943.63,82.98915167701266,72.73407114841213,0.8764286618025389,4.4187098965676626,4.2868099287914,10.735170489229448,0.004896612454457383,0.010292286266073702,0.01151172805354328,99.99999999999999,100.0,100.0,-1.1102230246251565e-16,0.0
FRA,France,1992,1755834.964,23571.0,20772.0,46460.651,84.52893144617754,74.49132255737983,0.8812523864070256,4.437093859741542,4.31068264286182,10.746361018279611,0.01838396317387936,0.023872714070419576,0.011190529050162823,101.85539885400635,101.12533772364083,102.4159948442623,0.007193434123716038,0.012682185020257081
FRA,France,1993,1750536.173,23342.0,20672.0,46993.229,84.68150991679566,74.99512351126724,0.885613914831634,4.438897276962629,4.317423091572659,10.757758806484219,0.0018034172210867894,0.006740448710838898,0.011397788204607906,102.03925236682684,102.28453650701962,103.10865640703858,-0.0024009368598048204,0.008024845526487396
FRA,France,1994,1786727.86,23471.0,20897.0,47189.503,85.50164425515625,76.12491414937583,0.8903327510544928,4.44853560681226,4.332375598270815,10.761926752772622,0.009638329849630978,0.014952506698156398,0.004167946288403002,103.0274951934947,102.71174262895633,104.66197333302678,0.0030694467014223716,0.018809405936241304
FRA,France,1995,1830783.584,23712.0,21219.0,47889.155,86.28038946227437,77.20915924426451,0.8948633603238867,4.457602335445334,4.3465180930536205,10.776644348578774,0.009066728633074561,0.014142494782805493,0.014717595806152062,103.96586507845142,104.23459138949185,106.15267099062979,-0.0025814204716545627,0.018234304912894087
FRA,France,1996,1857632.677,23852.0,21431.0,48033.281,86.67970122719424,77.88163160321986,0.8984990776454804,4.462219729813974,4.355190130505654,10.779649403797745,0.004617394368639616,0.008672037452033265,0.0030050552189706536,104.44702647949086,104.54829320190852,107.07723405761827,-0.0009690813219851802,0.02390128714595679
FRA,France,1997,1904333.283,24040.0,21673.0,48568.269,87.86662127993355,79.21519480033278,0.9015391014975042,4.475819997419141,4.372168133958398,10.790725695421187,0.01360026760516675,0.016978003452744694,0.011076291623442813,105.8772375718499,105.7127375438118,108.9107120632586,0.0015548946597380216,0.029802998975258833
FRA,France,1998,1971375.452,24463.0,22141.0,49318.756,89.03732676934195,80.58600547766014,0.9050811429505784,4.489055683710463,4.389325005127842,10.806059733926922,0.013235686291322324,0.0171568711694432,0.015334038505734782,107.28791049204638,107.34623276393265,110.79540056712393,-0.0005434575546738627,0.031625831638967004
FRA,France,1999,2038748.031,25058.0,22753.0,50404.58,89.60348222212455,81.36116334104877,0.908013408891372,4.495394183311907,4.398898050323536,10.82783732294663,0.00633849960144417,0.009573045195694796,0.021777589019707833,107.97011466131664,109.70961589234453,111.86114300550187,-0.015982546972937817,0.01942128781495363
FRA,France,2000,2122933.767,25690.0,23398.0,50645.173,90.7314200786392,82.63658104320747,0.9107824056052939,4.507903714757929,4.414452452261546,10.83259920404951,0.01250953144602196,0.015554401938009832,0.004761881102879784,109.32925357733365,110.2332858766276,113.61467842847614,-0.008234896629795742,0.030213808650084488
FRA,France,2001,2162884.725,26059.0,23796.0,50963.945,90.89278555219364,82.99952895352854,0.9131586016347519,4.509680631171161,4.4188349325218015,10.838873700907532,0.001776916413231966,0.004382480260255228,0.006274496858022616,109.52369522457744,110.92711873223764,114.1136851588714,-0.01273247707458643,0.028321792052316552
FRA,France,2002,2185131.706,26188.0,23934.0,52339.283,91.29822453413553,83.4401903925462,0.9139300442950969,4.514131340907297,4.4241300924797775,10.865502477098445,0.004450709736135927,0.005295159957976026,0.026628776190912973,110.01223977979814,113.92065232982243,114.71953800343238,-0.03491054352936282,0.0069881758193794255
FRA,France,2003,2204674.45,26197.0,23944.0,52766.169,92.07628007016372,84.1575161278009,0.9139977860060312,4.522617364707081,4.4326902348632835,10.873625525697262,0.008486023799783915,0.008560142383505998,0.008123048598816851,110.94977862711197,114.84980398806096,115.70576869824804,-0.03454756832839673,0.007425269604068942
FRA,France,2004,2272449.282,26232.0,23958.0,53626.317,94.85137665915353,86.62889913083258,0.9133119853613907,4.552311210341626,4.461633468108418,10.889795215369299,0.029693845634545468,0.02894323324513426,0.01616968967203647,114.29370555359783,116.72198518053528,119.1036027037018,-0.021023412365887666,0.02019881317716686
FRA,France,2005,2312012.207,26413.0,24103.0,54272.509,95.92217595320085,87.53311653352516,0.9125430659145118,4.563537195545368,4.472017196428957,10.901773097792736,0.011225985203741295,0.01038372832053902,0.011977882423437336,115.58399382912422,118.12847395819607,120.34678542180862,-0.02177530958558313,0.018604659074267952
FRA,France,2006,2375155.869,26702.0,24365.0,54878.616,97.48228479376154,88.95048569395551,0.9124784660325069,4.579670667072412,4.488079874399978,10.91287904342288,0.01613347152704403,0.016062677971021344,0.011105945630143665,117.46388874193464,119.44771451450404,122.29548585621473,-0.016747783688683068,0.023561391415145936
FRA,France,2007,2438099.207,27089.0,24729.0,55079.217,98.59271329208622,90.00329310790357,0.9128797666949684,4.590997357174745,4.499846259748682,10.916527737055272,0.011326690102333004,0.011766385348703778,0.003648693632392508,118.80192928806093,119.88433869940177,123.74296074291512,-0.009069787218742317,0.03167908313145714
FRA,France,2008,2453527.663,27228.0,24848.0,54973.952,98.7414545637476,90.11046213456737,0.9125899809020126,4.5925048639734545,4.501036274794081,10.914614752030706,0.0015075067987098123,0.001190015045398951,-0.0019129850245658275,118.98115906527359,119.65522097405014,123.89030438114641,-0.005649295395466599,0.034782083201422336
FRA,France,2009,2389255.392,26922.0,24529.0,56721.996,97.40533213746993,88.74732159572098,0.9111135874006389,4.578880953887936,4.48579324869698,10.945917350995868,-0.013623910085518887,-0.015243026097101264,0.031302598965162076,117.37116257865115,123.45997910918231,122.01616133192131,-0.05057580444614812,-0.011763541860840809
FRA,France,2010,2432131.56,26948.0,24489.0,57867.381,99.3152664461595,90.25276681015289,0.9087501855425264,4.598299299880363,4.502614253919278,10.965909136934131,0.019418345992427533,0.016821005222298346,0.019991785938263007,119.67258905439449,125.9530015368834,124.08595502098912,-0.05114924439198369,-0.01493432257680573
FRA,France,2011,2493773.17,27156.0,24601.0,57763.65,101.3687724076257,91.83138790690823,0.9059139784946236,4.618765079304465,4.5199541553836795,10.96411496409092,0.020465779424101882,0.017339901464401564,-0.0017941728432120385,122.14701603668043,125.72722268571279,126.25635614364072,-0.028889292124669657,0.0041997517308082506
FRA,France,2012,2503672.588,27253.0,24611.0,58139.541,101.72981951160051,91.86777925366015,0.9030565442336623,4.622320470613584,4.520350361286956,10.97060127934486,0.0035553913091188605,0.00039620590327693606,0.006486315253940944,122.58206941013817,126.54537963151789,126.30638956838554,-0.03182021606949145,-0.0018903576198566578
FRA,France,2013,2524314.141,27305.0,24558.0,58637.643,102.78989091131199,92.44878743819812,0.8993957150704999,4.632687010747023,4.526654841881227,10.979132141346168,0.01036654013343874,0.006304480594270245,0.008530862001308037,123.85943082219018,127.6295386324503,127.10520115058401,-0.029984537937361104,-0.004116739026894387
FRA,France,2014,2554597.042,27452.0,24653.0,59043.357,103.62215722224475,93.05686441789305,0.8980402156491331,4.640751179759445,4.533210751650399,10.986027317413997,0.008064169012422795,0.00655590976917253,0.0068951760678288565,124.86229239399162,128.51260773256274,127.9412288472245,-0.02881554499276663,-0.004456005325550844
FRA,France,2015,2575530.547,27521.0,24721.0,59600.312,104.18391436430564,93.58419196250135,0.8982595109189346,4.646157744699174,4.538861479930629,10.995416087939068,0.005406564939728575,0.005650728280230055,0.009388770525070811,125.53919670101142,129.7248650139312,128.66623644858961,-0.032797750578109436,-0.008194047570391563
FRA,France,2016,2593036.921,27720.0,24920.0,60284.45,104.0544510834671,93.54390046897547,0.898989898989899,4.644914330237672,4.538430849835222,11.006829472178948,-0.0012434144615021125,-0.00043063009540755814,0.011413384239880031,125.38319645492818,131.2139463076818,128.6108408232799,-0.04545454927949068,-0.020038061905678407
FRA,France,2017,2643733.476,28047.0,25222.0,61120.078,104.81855031321861,94.2608291795914,0.8992762149249474,4.652230763028607,4.546065718185001,11.020595700017598,0.007316432790934968,0.0076348683497791114,0.01376622783864967,126.30391827737229,133.03275775118325,129.59652566024312,-0.051904344327205976,-0.02616942139454874
FRA,France,2018,2686636.602,28328.0,25463.0,61041.792,105.51139308015551,94.840320601525,0.8988633154476137,4.6588189383665775,4.552194641637769,11.019314023325572,0.006588175337970625,0.006128923452767943,-0.0012816766920256129,127.13877771735477,132.86236198576384,130.39325188879585,-0.04403449229720938,-0.01875882124975517
FRA,France,2019,2743215.357,28662.0,25704.0,61631.808,106.72328653127917,95.70913952271299,0.896797153024911,4.670239377525958,4.561313795703635,11.028933379888148,0.01142043915938018,0.009119154065865942,0.009619356562575732,128.59908117465514,134.14657918845336,131.5877662442692,-0.04223340970040509,-0.019259023746465043
FRA,France,2020,2543044.959,28645.0,25610.0,58590.773,99.29890507614212,88.77797029149939,0.8940478268458719,4.598134544566792,4.486138536917685,10.978332505829512,-0.07210483295916603,-0.07517525878594977,-0.050600874058636336,119.65287398358494,127.52752231375702,122.05829934962676,-0.06373736860093446,-0.043833408473779
FRA,France,2021,2709433.358,29395.0,26248.0,60900.747,103.22437359036878,92.17327293757442,0.8929409763565233,4.6369050033630295,4.523670207167612,11.017000719632614,0.03877045879623786,0.037531670249927096,0.0386682138031027,124.38297235777277,132.55536621725366,126.7264041215252,-0.0636351236077997,-0.04496995202695465
FRA,France,2022,2790015.383,30064.0,26808.0,61156.437,104.07398474336019,92.8025340274082,0.8916977115486961,4.645102037985274,4.530473945749174,11.021190401315252,0.008197034622244637,0.006803738581561802,0.004189681682637669,125.40673406134823,133.11189603433584,127.59155724701132,-0.05962777066819305,-0.04235589512803044
FRA,France,2023,2845678.588,30395.0,27065.0,60140.542,105.14238270829485,93.62324684981083,0.8904425069912815,4.655315457378143,4.539278716426399,11.004439468806533,0.010213419392869127,0.008804770677224738,-0.016750932508719174,126.69412879107482,130.9007189897708,128.7199318992812,-0.03266341876660437,-0.0168001919420864
DEU,Germany,1970,1581405.042,,,,,,,,,,,,,,,,,
DEU,Germany,1971,1623995.258,,,,,,,,,,,,,,,,,
DEU,Germany,1972,1694700.575,,,,,,,,,,,,,,,,,
DEU,Germany,1973,1778489.151,,,,,,,,,,,,,,,,,
DEU,Germany,1974,1802707.102,,,,,,,,,,,,,,,,,
DEU,Germany,1975,1777654.04,,,,,,,,,,,,,,,,,
DEU,Germany,1976,1865061.399,,,,,,,,,,,,,,,,,
DEU,Germany,1977,1927694.058,,,,,,,,,,,,,,,,,
DEU,Germany,1978,1985594.48,,,,,,,,,,,,,,,,,
DEU,Germany,1979,2069383.056,,,,,,,,,,,,,,,,,
DEU,Germany,1980,2099168.355,,,,,,,,,,,,,,,,,
DEU,Germany,1981,2114200.197,,,,,,,,,,,,,,,,,
DEU,Germany,1982,2098889.993,,,,,,,,,,,,,,,,,
DEU,Germany,1983,2129510.403,,,,,,,,,,,,,,,,,
DEU,Germany,1984,2192978.173,,,,,,,,,,,,,,,,,
DEU,Germany,1985,2250878.573,,,,,,,,,,,,,,,,,
DEU,Germany,1986,2301541.449,,,,,,,,,,,,,,,,,
DEU,Germany,1987,2329656.549,,,,,,,,,,,,,,,,,
DEU,Germany,1988,2418734.109,,,,,,,,,,,,,,,,,
DEU,Germany,1989,2519503.088,,,,,,,,,,,,,,,,,
DEU,Germany,1990,2649222.28,,,,,,,,,,,,,,,,,
DEU,Germany,1991,2783673.73,38873.0,35310.0,52244.077,78.83527980742,71.60943919944434,0.9083425513852803,4.367360609962273,4.271226897671948,10.863681804549783,,,,96.46487530683012,,96.71978238320852,,
DEU,Germany,1992,2840247.609,38362.0,34754.0,55449.141,81.72433702595386,74.0380483030082,0.9059485949637662,4.403351840322293,4.304579127322859,10.923221501224795,0.035991230360020054,0.03335222965091145,0.05953969667501191,100.0,100.0,100.0,0.0,0.0
DEU,Germany,1993,2806382.971,37865.0,34197.0,55814.289,82.06518030821417,74.11548847220388,0.9031295391522515,4.407513813320511,4.305624531677476,10.929785190856544,0.0041619729982178555,0.0010454043546168634,0.006563689631748915,100.41706460359791,100.65852778494803,100.10459509802142,-0.0024017166335307443,-0.0055182852771319315
DEU,Germany,1994,2869331.364,37881.0,34135.0,55937.213,84.05833789365754,75.74592444761227,0.9011113750956944,4.431511056524687,4.327384640270278,10.931985144277792,0.02399724320417551,0.021760108592801863,0.0021999534212486793,102.85594347123606,100.88021561957119,102.30675468053185,0.01939557314939635,0.014041869894420909
DEU,Germany,1995,2921124.348,38046.0,34249.0,57123.151,85.29079237349997,76.7787506702413,0.9001997581874573,4.446066504632569,4.340927917888319,10.952964760057784,0.014555448107882007,0.013543277618040861,0.02097961577999108,104.36400646041764,103.01900078127454,103.701748533425,0.01297140547728751,0.0066055317324708865
DEU,Germany,1996,2945028.8,38062.0,34206.0,57779.129,86.09684850611004,77.37451526456833,0.8986916084283537,4.455472808047297,4.3486574662299615,10.964382899486392,0.009406303414728256,0.007729548341642634,0.011418139428608143,105.3503174687946,104.2020272234696,104.50642208706705,0.010959569463407532,0.002916940645505383
DEU,Germany,1997,3005586.759,38045.0,34130.0,57535.082,88.06289947260476,79.00083477460902,0.8970955447496386,4.478051325888267,4.369458419178397,10.960150162475975,0.022578517840970314,0.020800952948435203,-0.0042327370104171536,107.75602798054868,103.76189957568505,106.70302173726962,0.03777082431479397,0.02795063060435742
DEU,Germany,1998,3073316.048,38500.0,34537.0,58239.551,88.98619011494918,79.82639085714285,0.897064935064935,4.488481190444695,4.379854162277964,10.972319973362827,0.010429864556427582,0.01039574309956759,0.012169810886852872,108.88579014925398,105.03237732754062,107.81806474752722,0.036030877984369485,0.026176562817072032
DEU,Germany,1999,3132280.362,39125.0,35134.0,59014.326,89.15239830363751,80.05828401277955,0.8979936102236422,4.490347245838915,4.3827549195697895,10.985535506972738,0.0018660553942204672,0.002900757291825151,0.013215533609910679,109.089166762313,106.42964874785,108.13127283573566,0.02468139976867922,0.0158617864989865
DEU,Germany,2000,3229491.815,39976.0,35963.0,59354.424,89.80040082862942,80.78576683510106,0.8996147688613167,4.497589438868676,4.391800796979354,10.99128193811909,0.007242193029760813,0.009045877409564973,0.0057464311463526485,109.88207931269089,107.0429999988638,109.11385252144565,0.026177161652086972,0.01916123276219951
DEU,Germany,2001,3292838.617,39865.0,35837.0,59787.697,91.88376864692916,82.59973954596764,0.8989589865797065,4.520524394033805,4.414006527325443,10.99855518298626,0.022934955165128557,0.02220573034608897,0.007273244867169737,112.43134174064805,107.82438811811362,111.56390726011558,0.041838871950045604,0.03409371824111835
DEU,Germany,2002,3294830.656,39674.0,35612.0,60138.883,92.52023632483433,83.04760437566163,0.8976155668699904,4.527427391670766,4.419413990076275,11.004411883041135,0.006902997636961672,0.005407462750831371,0.005856700054874153,113.21013995555808,108.45773607205213,112.1688189777517,0.04288516953213388,0.03364448093707517
DEU,Germany,2003,3276902.311,39246.0,35112.0,60338.681,93.32713348712691,83.49646616215666,0.8946644243999389,4.536110885371134,4.424804309549936,11.007728653011087,0.00868349370036725,0.005390319473661087,0.00331676996995256,114.19748006947829,108.81806266394639,112.77507724195935,0.048251893262548674,0.03571803044078461
DEU,Germany,2004,3328695.295,39370.0,35110.0,60330.633,94.80761307319851,84.54902959105918,0.8917957835915672,4.551849712715876,4.437331597940571,11.007595263672156,0.015738827344742745,0.012527288390635327,-0.00013338933893081162,116.00903295561724,108.8035484625453,114.19672928847845,0.0641241099462222,0.04837870817035071
DEU,Germany,2005,3358177.458,39322.0,34941.0,60548.73,96.10994127243067,85.40200035603479,0.8885865418849499,4.565492757789649,4.447369523892974,11.01120377435995,0.013643045073772342,0.010037925952402382,0.0036085106877941087,117.60259522436783,109.19687646739193,115.34880012844,0.07415864433220046,0.05480812343495925
DEU,Germany,2006,3490448.773,39608.0,35172.0,60537.007,99.23941695098374,88.124842784286,0.8880024237527773,4.597535283665105,4.478754477122739,11.01101014296575,0.03204252587545664,0.03138495322976542,-0.00019363139420036646,121.43190212661803,109.17573457089273,119.02642601223926,0.10639480160185753,0.0863867080589251
DEU,Germany,2007,3607580.598,40281.0,35812.0,60353.389,100.7366412934212,89.56035346689507,0.8890543928899481,4.6125095994144845,4.494912738427713,11.00797238070708,0.01497431574937913,0.016158261304973998,-0.003037762258669474,123.2639443271708,108.84458787197455,120.96530840515983,0.12440687960990555,0.10558273162256807
DEU,Germany,2008,3641843.657,40851.0,36372.0,60623.392,100.12767120312328,89.14943714964139,0.8903576411838143,4.606446083715533,4.490314030768651,11.012436104176684,-0.0060635156989512495,-0.004598707659061674,0.004463723469603664,122.51879286744771,109.33152598342329,120.41030145039521,0.11387964044135061,0.09652030049390287
DEU,Germany,2009,3415548.153,40903.0,36410.0,60635.353,93.80796904696511,83.50360983301958,0.890154756374838,4.541249810260235,4.424889862455522,11.012633384794075,-0.06519627345529777,-0.06542416831312892,0.0001972806173906605,114.785842823263,109.3530971020814,112.7847258902242,0.04848608636866287,0.03089885156338354
DEU,Germany,2010,3572520.736,41099.0,36581.0,61167.671,97.66055427681037,86.92476060244775,0.8900703180126037,4.581497734194004,4.465042923819931,11.02137407729238,0.040247923933768526,0.04015306136440877,0.008740692498305336,119.49996516434943,110.31310836717923,117.40552674578804,0.07999331780412622,0.062311220429486905
DEU,Germany,2011,3706385.682,41570.0,37039.0,62400.788,100.06710985717757,89.16010781813809,0.8910031272552321,4.605841059473918,4.49043371778273,11.041333182482912,0.02434332527991412,0.02539079396279842,0.0199591051905319,122.4446884474553,112.53697870630678,120.42471386231217,0.08437753789350806,0.06774290920175334
DEU,Germany,2012,3725110.844,42065.0,37538.0,63233.321,99.23573029996271,88.55606428146916,0.8923808391774635,4.597498133915401,4.483635846146682,11.054586672210169,-0.00834292555851679,-0.006797871636047503,0.013253489727256706,121.42739104564117,114.03841404865045,119.60885829816111,0.06278112260773432,0.047691547838449026
DEU,Germany,2013,3742242.36,42378.0,37877.0,63828.7,98.79986165747023,88.30625230072206,0.8937892302609844,4.593096204524808,4.480810912585879,11.063958211443923,-0.004401929390593473,-0.0028249335608032666,0.009371539233754334,120.89405096806543,115.11215295472303,119.27144802537177,0.04900765398338635,0.03549507504389137
DEU,Germany,2014,3826306.363,42756.0,38290.0,64898.733,99.92965168451292,89.49168217326223,0.8955468238375901,4.604466455272836,4.4941456843503405,11.080583380159553,0.011370250748027999,0.013334771764461628,0.016625168715629357,122.27649109319474,117.04190872857704,120.8725570493275,0.04375273601578529,0.0322046780927229
DEU,Germany,2015,3881286.611,43137.0,38723.0,66389.948,100.23207424528059,89.9758122029812,0.8976748498968403,4.60748823967728,4.499540880909416,11.103300938462409,0.0030217844044440056,0.005395196559075721,0.02271755830285649,122.64654311413878,119.73124705394454,121.52645060921391,0.024056962117372356,0.014882316348942555
DEU,Germany,2016,3970928.312,43686.0,39326.0,67409.631,100.97463032090728,90.8970450945383,0.9001968594057593,4.614869300347526,4.509727493444262,11.118543179867215,0.007381060670246242,0.010186612534845985,0.015242241404806123,123.55515382014043,121.57019889631839,122.7707201607111,0.0161957813828129,0.009826687478982965
DEU,Germany,2017,4086068.097,44290.0,39997.0,68117.688,102.1593643773283,92.25712569428765,0.9030706705802665,4.6265339898698485,4.524579523236038,11.12899219409495,0.011664689522322469,0.014852029791775578,0.01044901422773492,125.00482487228344,122.847147442735,124.60772239256771,0.01741145667740077,0.014229703043023128
DEU,Germany,2018,4135869.054,44878.0,40649.0,69070.405,101.74589913651012,92.1580519185347,0.9057667453986363,4.622478520183821,4.523505058687436,11.142881625682449,-0.004055469686027102,-0.0010744645486013837,0.01388943158749889,124.49889817301039,124.56532915451311,124.47390771481246,-0.0005334445961256555,-0.000734193093076933
DEU,Germany,2019,4164155.981,45291.0,41145.0,70225.225,101.20685334791591,91.94223976065885,0.9084586341657283,4.617166475389622,4.5211605511935895,11.159462855954496,-0.005312044794199444,-0.002344507493846848,0.016581230272047165,123.8393078866762,126.64799442068919,124.18241953701418,-0.022426719662372505,-0.019659930858971407
DEU,Germany,2020,3984075.762,44966.0,40927.0,69750.812,97.34590275368339,88.60196063692568,0.9101765778588267,4.578270643142902,4.484153986451131,11.152684341192911,-0.038895832246719664,-0.03700656474245889,-0.006778514761585086,119.11494947064357,125.7924121854297,119.67084852684556,-0.054544037147506774,-0.049887980839845
DEU,Germany,2021,4145829.24,45041.0,41097.0,69828.515,100.8791211037302,92.0456748295997,0.9124353366932351,4.613922979324205,4.522284919389926,11.15379772968241,0.035652336181303035,0.038130932938795326,0.0011133884894984902,123.43828628636436,125.93254600643863,124.3221248254593,-0.02000508945570231,-0.012870436390548306
DEU,Germany,2022,4235869.35,45629.0,41767.0,68225.562,101.41665309933678,92.8328332858489,0.915360845076596,4.6192373094214085,4.5308003841768105,11.130574582992226,0.005314330097203168,0.008515464786884586,-0.023223146690183327,124.09602425667775,123.04169328790864,125.38530581724838,0.008532387331684417,0.01886817508651968
DEU,Germany,2023,4213160.121,45935.0,42148.0,68104.229,99.96109236499953,91.720041819963,0.9175574180907804,4.604781033928245,4.518740913942096,11.128794590062645,-0.014456275493163417,-0.012059470234714098,-0.0017799929295811978,122.31496271820973,122.82287474931317,123.88230635765744,-0.004143895231898193,0.008588697781387034
ITA,Italy,1970,944600.078,19775.80714,13731.03094,,68.79309223958387,47.7654374010041,0.6943347921423955,4.231103336404109,3.86630231103384,,,,,62.26160461178433,,60.98291566251701,,
ITA,Italy,1971,961758.0988,19782.05796,13894.61449,,69.21804843827661,48.61769694258848,0.7023846820232449,4.237261644199185,3.8839875992466886,,0.006158307795075757,0.017685288212848427,,62.64621379213906,,62.071009367400016,,
ITA,Italy,1972,997007.8476,19730.95999,14117.348,,70.62288523311885,50.53012362831313,0.715492201451674,4.25735424541643,3.9225696659327878,,0.020092601217244876,0.0385820666860992,,63.91766983833529,,64.5126358159802,,
ITA,Italy,1973,1068839.475,20010.3617,14356.56592,,74.44952232699393,53.41430060207258,0.7174565925012739,4.310121343085177,3.978078511650658,,0.0527670976687471,0.05550884571787007,,67.38099090699552,,68.19491176103098,,
ITA,Italy,1974,1132422.699,20321.21595,14579.88123,,77.67022797619867,55.72612887862155,0.7174709065576363,4.352472017617138,4.020449137094944,,0.04235067453196084,0.042370625444285714,,70.29591005328652,,71.14646075725234,,
ITA,Italy,1975,1109504.098,20336.79339,14610.13497,,75.94071514590533,54.55649161217151,0.7184089787323152,4.329952972008528,3.9992367081716846,,-0.02251904560860929,-0.02121242892325892,,68.73060399558366,,69.65316571680621,,
ITA,Italy,1976,1188595.701,20542.57434,14761.88854,,80.51786177488641,57.86011438136044,0.7185997380696347,4.388479045213908,4.058028276410197,,0.05852607320538006,0.058791568238512504,,72.87317826265233,,73.87095497356248,,
ITA,Italy,1977,1221195.76,20605.67785,14845.47421,,82.26047499226365,59.265012725606596,0.7204555131875946,4.409890737065496,4.082019127255251,,0.0214116918515872,0.02399085084505348,,74.45034090499655,,75.66461168233099,,
ITA,Italy,1978,1261461.695,20674.03999,14779.92442,,85.3496715648293,61.016699958506756,0.7149025747821434,4.446756601134971,4.111147596516781,,0.03686586406947523,0.02912846926153012,,77.24623696530605,,77.90101944081647,,
ITA,Italy,1979,1338891.748,20903.93124,14935.75061,,89.64341886530737,64.04975851805375,0.7144948210229569,4.49583978815753,4.159660258125703,,0.04908318702255876,0.04851266160892198,,81.13231895438484,,81.77337494304916,,
ITA,Italy,1980,1388500.351,21206.1534,15077.12869,,92.09315510591428,65.47629477206367,0.7109789505719599,4.522800620259574,4.181688165258407,,0.02696083210204403,0.022027907132704527,,83.34946756989748,,83.59465712534069,,
ITA,Italy,1981,1400142.063,21188.98846,15010.9971,,93.27442099099467,66.07875905181365,0.7084338701839097,4.535545911540323,4.190847349554147,,0.012745291280749527,0.00915918429573992,,84.41857941069281,,84.36383313127212,,
ITA,Italy,1982,1407059.555,21232.34732,15020.01505,,93.67897104736922,66.26961841730083,0.7074118948615616,4.539873735533253,4.193731548082967,,0.004327823992929858,0.0028841985288199368,,84.78471988840161,,84.607506406808,,
ITA,Italy,1983,1424680.976,21300.80867,14909.27858,,95.55666750443133,66.8838915025098,0.6999395568018123,4.55971944851791,4.202958153425041,,0.019845712984657204,0.009226605342074201,,86.48414043463023,,85.39175890793268,,
ITA,Italy,1984,1471862.474,21299.61804,14880.09147,,98.91488079676435,69.10276377895084,0.698608371382795,4.594259690371553,4.235594726774798,,0.034540241853642684,0.032636573349757114,,89.52351170581969,,88.22462945749155,,
ITA,Italy,1985,1514092.913,21501.23178,15114.558,,100.17447503261424,70.41889174035033,0.7029624234858605,4.606913416005499,4.2544615757494775,,0.012653725633946067,0.01886684897467905,,90.66351509468673,,89.90495156565711,,
ITA,Italy,1986,1555610.724,21649.16784,15194.94375,,102.37686625197279,71.85545123474824,0.7018719547235955,4.628660771574577,4.274656479302585,,0.021747355569077698,0.020194903553107935,,92.65680260126672,,91.73903058299307,,
ITA,Italy,1987,1605828.906,21698.57908,15262.14198,,105.21648325014468,74.00617801191063,0.7033705720420842,4.656019972917122,4.304148576366795,,0.027359201342544992,0.02949209706420941,,95.22681515679113,,94.48489865834861,,
ITA,Italy,1988,1673520.238,21931.44691,15466.25779,,108.20460002173544,76.30687773896629,0.7052091844860409,4.684023879572782,4.334763074974588,,0.02800390665566077,0.030614498607793195,,97.93122833128098,,97.4222396533012,,
ITA,Italy,1989,1731251.862,22081.16892,15617.23562,,110.85520537212719,78.40399519936284,0.7072648951050187,4.70822489366189,4.361874885233534,,0.024201014089107353,0.027111810258945823,,100.33017475068631,,100.09966383656779,,
ITA,Italy,1990,1764368.188,22433.00077,15908.13702,51862.518,110.90979325748856,78.65056512455155,0.7091399489128624,4.708717197558368,4.365014814787456,10.856351611712647,0.0004923038964781412,0.0031399295539218386,,100.37957984681321,,100.4144636954377,,
ITA,Italy,1991,1789966.705,22852.79787,16200.20203,52298.221,110.49039398924089,78.32593256993614,0.7088935946555065,4.704928584954918,4.360878743182136,10.864717634178113,-0.00378861260344987,-0.004136071605319813,0.008366022465466472,100.0,100.0,100.0,0.0,0.0
ITA,Italy,1992,1803910.798,22686.80389,16112.3498,52247.591,111.95826930222182,79.51365942714992,0.7102080080615534,4.718126206348262,4.375928823595198,10.86374906350102,0.013197621393343795,0.015050080413062439,-0.0009685706770934388,101.32850943867922,99.90318982360807,101.51639031702976,0.014166192070436848,0.016018651090156297
ITA,Italy,1993,1794637.711,22077.39859,15805.93366,51442.805,113.54202476135154,81.28845904031847,0.7159327941453812,4.73217303060587,4.398004051253533,10.848225886973808,0.014046824257608392,0.022075227658334917,-0.015523176527212357,102.76189690518058,98.36434971659932,103.78230602966282,0.0437361928552578,0.05361705527570385
ITA,Italy,1994,1835844.739,21714.15652,15548.09805,50776.649,118.07519692095073,84.54598442767418,0.7160350914703639,4.771321683542388,4.4372955807533945,10.835191862533737,0.03914865293651815,0.039291529499861255,-0.013034024440070624,106.86467181250926,97.09058554783341,107.9412420045995,0.09591887023184657,0.10594260921563514
ITA,Italy,1995,1888934.525,21670.5,15474.5,49665.009,122.0675643801092,87.16617175422809,0.7140813548372211,4.804574697833427,4.467816317048987,10.813055919863574,0.033253014291038774,0.0305207362955926,-0.022135942670162834,110.47798815161764,94.96500655347339,111.286478046589,0.15130782719304814,0.1585992881813912
ITA,Italy,1996,1914731.404,21802.9,15540.1,50057.414,123.21229618857022,87.8200332983227,0.7127538079796724,4.813908852844468,4.475289644299096,10.820925905641056,0.009334155011040401,0.007473327250108852,0.007869985777482214,111.51403460518762,95.71532844300765,112.12127378108063,0.15277199642660602,0.15820262965401802
ITA,Italy,1997,1946325.407,21879.4,15603.9,51494.589,124.7332658502041,88.95698268691096,0.7131776922584714,4.826177584152525,4.488152912288915,10.849232013170637,0.01226873130805739,0.012863267989819072,0.028306107529580515,112.89059740555376,98.4633664690047,113.57283567288842,0.1367346202050835,0.14275979011425624
ITA,Italy,1998,1978270.028,22107.7,15750.7,51658.746,125.59886405048664,89.4833034644038,0.7124531271909788,4.833093209809176,4.494052054407198,10.852414792255328,0.006915625656651159,0.005899142118282796,0.003182779084690779,113.67401229713866,98.77725286296076,114.244798023318,0.14046746677704353,0.14547615314784837
ITA,Italy,1999,2009727.709,22362.1,15980.2,52246.719,125.76361428517791,89.8720473032497,0.7146108818044817,4.834404067812914,4.498386962130175,10.863732373597042,0.0013108580037375361,0.004334907722976844,0.011317581341714344,113.8231204944606,99.90152246287688,114.74111364458278,0.13046074343906658,0.1384934795291108
ITA,Italy,2000,2087813.628,22807.9,16272.9,52237.08,128.30003429013883,91.53905567807645,0.7134764708719347,4.854371538886862,4.51676571922381,10.863547866522843,0.01996747107394814,0.018378757093635123,-0.00018450707419859214,116.11872277569412,99.88309162562149,116.86941051910553,0.1506127215872135,0.15705674369694442
ITA,Italy,2001,2127851.587,23242.9,16632.1,52604.347,127.93643538699263,91.54845509811597,0.7155776602747504,4.8515335420346055,4.516868396025825,10.870554037896643,-0.002837996852256275,0.00010267680201536677,0.007006171373799219,115.78964538713707,100.58534687059438,116.88141091250158,0.140768553361158,0.15015324912516104
ITA,Italy,2002,2135879.403,23663.6,17031.5,52231.424,125.40759199131021,90.26012115654423,0.7197341063912508,4.831569168561672,4.502695736704006,10.863439585083194,-0.01996437347293334,-0.01417265932181877,-0.00711445281344858,113.50090036200062,99.87227672620065,115.23657388432906,0.12791863270167314,0.14309504261678993
ITA,Italy,2003,2136747.016,24048.9,17269.4,52092.742,123.73024054107263,88.85009360095471,0.7180952143341276,4.818103716304433,4.48695060807174,10.860780909015942,-0.01346545225723883,-0.015745128632266514,-0.0026586760672522303,111.98280327710751,99.60710135818961,113.43636862749345,0.11711185651168639,0.1300085900517761
ITA,Italy,2004,2172142.592,24183.1,17299.2,53082.932,125.5631816500185,89.82068436221991,0.7153425325950769,4.832809071331098,4.497815286893758,10.879610724298159,0.014705355026664257,0.010864678822017915,0.018829815282217055,113.64171772457011,101.5004544800864,114.67553773716037,0.11298739625613388,0.12204345359157683
ITA,Italy,2005,2189187.539,24306.5,17589.3,53804.76,124.4613224517178,90.0659304712731,0.7236459383292535,4.823995004600593,4.500541962930502,10.89311721807255,-0.008814066730504777,0.0027266760367439247,0.013506493774391615,112.64447338638085,102.880669688554,114.98864745830443,0.0906668357512377,0.11126363585392927
ITA,Italy,2006,2231552.036,24788.7,17978.7,54145.431,124.1219908002247,90.02295545954406,0.72527805007927,4.821264878770151,4.5000646984694255,10.899428872137918,-0.002730125830441743,-0.00047726446107621,0.006311654065367378,112.33735922084884,103.5320704312294,114.93378055749776,0.08162505585542901,0.1044747173274855
ITA,Italy,2007,2267103.835,25102.2,18265.7,54117.354,124.11809210706406,90.31494590115607,0.7276533530925576,4.821233468104192,4.503302960582582,10.898910189736954,-3.1410665958908623e-05,0.003238262113156587,-0.0005186824009637547,112.3338306850007,103.47838409264449,115.30656953304079,0.08211232759043328,0.10823166184160547
ITA,Italy,2008,2248395.411,25158.3,18400.1,54044.753,122.19473866989854,89.36992606813655,0.7313729465027445,4.8056159907361184,4.492784228137017,10.89756774157434,-0.015617477368073729,-0.010518732445564893,-0.001342448162613863,110.59308801251753,103.33956292700668,114.10004724596082,0.06783729838497356,0.09905537755865526
ITA,Italy,2009,2124078.847,24736.5,18182.3,54458.768,116.82124082211823,85.86820475815091,0.7350393143734967,4.760644910214016,4.452813617957767,10.905199143863898,-0.04497108052210219,-0.03997061017925052,0.0076314022895580536,105.72977125368367,104.13120553374091,109.62934234007413,0.015234815573313276,0.0514533650898461
ITA,Italy,2010,2162471.605,24594.3,17988.3,54924.154,120.2154514323199,87.92572283008664,0.7314011783218063,4.78928556152941,4.476492399311033,10.913708494312155,0.02864065131539384,0.023678781353265954,0.00850935044825718,108.80172211534153,105.0210751910662,112.25620933600628,0.03536611644044991,0.06662279599485504
ITA,Italy,2011,2179388.624,24654.3,18050.8,54047.93,120.7364008243402,88.3979112771403,0.7321562567178951,4.793609663617532,4.481848341277802,10.897626524461632,0.004324102088121506,0.005355941966769251,-0.016081969850523237,109.2732105164699,103.34563770343172,112.85906005423048,0.055772188379095027,0.08806070781214785
ITA,Italy,2012,2117847.174,24592.6,18033.7,52332.384,117.43830572760997,86.11725372673081,0.733297821295837,4.765913138055821,4.455709783073752,10.865370655370413,-0.027696525561710317,-0.026138558204049644,-0.03225586909121958,106.2882495821724,100.06532344570574,109.9473072342138,0.06033153190860377,0.09417801869931786
ITA,Italy,2013,2085949.663,24144.0,17717.8,52503.553,117.73186642811184,86.39619213883367,0.7338386348575215,4.768409720426701,4.458943602371587,10.868636122480261,0.002496582370879352,0.003233819297834728,0.00326546710984843,106.55393847140785,100.39261756150368,110.30343247007202,0.05956264716963457,0.0941463708873042
ITA,Italy,2014,2084498.859,24145.4,17724.3,52707.893,117.60683688495456,86.33109656497717,0.7340652877980899,4.767347170551474,4.458189864182019,10.872520495610718,-0.0010625498752263596,-0.0007537381895676987,0.003884373130457419,106.44077972643181,100.78333830896472,110.22032388557051,0.05461572416395073,0.08950825956727827
ITA,Italy,2015,2103929.096,24303.2,17907.8,53164.084,117.4867429835044,86.57004410941768,0.7368494683827643,4.766325501546616,4.460953844750686,10.881138334556528,-0.0010216690048583388,0.0027639805686670016,0.008617838945809808,106.33208801386371,101.65562610628773,110.52539212619077,0.04497621621328257,0.08365440119013609
ITA,Italy,2016,2132691.209,24650.9,18294.3,53589.312,116.57681403497264,86.5157543537964,0.7421351755919662,4.758550403671083,4.460326528611711,10.8891049241904,-0.007775097875533099,-0.0006273161389751536,0.00796658963387209,105.50855131019303,102.46870921288131,110.45607950667895,0.02923452870387772,0.07506049541728917
ITA,Italy,2017,2171988.537,24940.8,18682.6,53246.292,116.25729486259944,87.08576056100847,0.7490778162689248,4.755805794004904,4.466893386693392,10.88268344734431,-0.0027446096661787323,0.006566858081680671,-0.006421476846091068,105.2193685488352,101.81281692163112,111.18381576019001,0.032911395883789836,0.08804883034506035
ITA,Italy,2018,2193523.435,25194.0,18947.1,53306.5,115.77093249098807,87.06531058982297,0.7520481066920695,4.75161351887111,4.4666585334577,10.883813553938003,-0.004192275133793721,-0.00023485323569172323,0.001130106593693725,104.77918333992127,101.92794129651186,111.15770694729176,0.027589014156302754,0.08668387051567471
ITA,Italy,2019,2208936.853,25349.0,19112.9,53572.199,115.57308692035222,87.1409859560535,0.7539902954751667,4.749903117025652,4.467527335246052,10.888785537127157,-0.0017104018454583425,0.0008688017883518029,0.004971983189154372,104.60012200844018,102.43598725853411,111.25432292586689,0.02090662912168941,0.08258068911487229
ITA,Italy,2020,2025631.588,24830.1,18778.8,51015.812,107.867999446184,81.57967901861048,0.7562917587927556,4.680908252245062,4.4015801993218595,10.839890902869923,-0.06899486478059025,-0.06594713592419232,-0.04889463425723406,97.62658594256416,97.5478917342141,104.15411134207577,0.0008063985983333193,0.06552818744791376
ITA,Italy,2021,2207233.036,25069.4,19147.9,53317.266,115.27285164430563,88.04490877324545,0.7637957031281164,4.747301941131469,4.477847011274383,10.884015497659192,0.06639368888640718,0.07626681195252338,0.044124594789268556,104.32839225419944,101.9485270827856,112.40837598024304,0.023075492695472447,0.09767040461116848
ITA,Italy,2022,2316264.109,25550.4,19594.6,51949.802,118.20930812570812,90.65471025893919,0.7668999311165382,4.772456850819923,4.507057896787939,10.858033185163036,0.02515490968845402,0.029210885513555773,-0.025982312496156013,106.98604997029776,99.3337842218381,115.74035224923094,0.07421271488008245,0.15286360262088083
ITA,Italy,2023,2338797.526,26077.7,20052.8,50514.489,116.63196790473151,89.68572864938243,0.7689635205558772,4.7590234036184125,4.496311655508113,10.830015485003482,-0.013433447201510518,-0.010746241279825597,-0.028017700159553627,105.5584686539254,96.58930654639298,114.50323756988564,0.08879696783812542,0.17013506150060867
JPN,Japan,1970,1793768.683,54710.89103,,,,32.786318212518424,,,3.490011300701031,,,,,,,49.713950053421584,,
JPN,Japan,1971,1885920.144,55096.84434,,,,34.22918620097508,,,3.5330786778211216,,,0.043067377120090455,,,,51.9017732376798,,
JPN,Japan,1972,2061324.133,55383.29406,,,,37.21924035011073,,,3.6168258412828447,,,0.08374716346172306,,,,56.43559742811298,,
JPN,Japan,1973,2225312.138,56634.62703,,,,39.29243035045021,,,3.67103188837532,,,0.05420604709247545,,,,59.579178950748755,,
JPN,Japan,1974,2194641.894,56396.42148,,,,38.91455940654481,,,3.661368458403144,,,-0.009663429972176285,,,,59.00621259599718,,
JPN,Japan,1975,2252310.227,56257.71951,,,,40.03557639053684,,,3.68976846858686,,,0.028400010183716073,,,,60.706012554930595,,
JPN,Japan,1976,2337048.429,56718.04923,,,,41.20466872058533,,,3.718551568396238,,,0.028783099809377877,,,,62.47870924283371,,
JPN,Japan,1977,2428857.986,57398.49295,,,,42.31571006778498,,,3.745158413503196,,,0.02660684510695832,,,,64.1633831267369,,
JPN,Japan,1978,2541690.823,57958.32626,,,,43.85376505867372,,,3.780860577359693,,,0.03570216385649694,,,,66.49553852463285,,
JPN,Japan,1979,2717317.711,58554.34269,,,,46.40676653798503,,,3.837445279159989,,,0.05658470180029607,,,,70.36665900867467,,
JPN,Japan,1980,2837068.897,58959.39264,41919.29258,,67.67931237354864,48.11903192970205,0.7109858277536015,4.214780555281057,3.873677773067496,,,0.036232493907506935,,80.2858754809677,,72.96296993356287,,
JPN,Japan,1981,2924183.149,59408.66641,42724.92761,,68.44208551252359,49.221491167958376,0.7191699492989848,4.225987920688944,3.8963303404803953,,0.011207365407886805,0.022652567412899227,,81.19072966917167,,74.63463075108282,,
JPN,Japan,1982,2987764.954,59894.1233,43487.75113,,68.70359759621813,49.884108646766016,0.7260770962816647,4.229801564614391,3.909702488044382,,0.003813643925447252,0.013372147563986747,,81.50095336755065,,75.63935876087167,,
JPN,Japan,1983,3052879.64,60800.71153,44763.33993,,68.20044359455821,50.21124857220894,0.7362305276298138,4.222451069147299,3.9162390767402027,,-0.007350495467091989,0.006536588695820633,,80.90407733396955,,76.13540158606878,,
JPN,Japan,1984,3157215.364,61007.75939,45496.97377,,69.39396409002084,51.75104602378678,0.7457571663819794,4.239799890964139,3.9464446449612325,,0.01734882181683961,0.03020556822102982,,82.3199137915537,,78.47019908007037,,
JPN,Japan,1985,3326548.2,61338.43293,46275.36511,,71.88594173363185,54.23268970363635,0.7544269212552248,4.275080720347023,3.993283857698562,,0.03528082938288435,0.04683921273732938,,85.2760698129394,,82.23311961145609,,
JPN,Japan,1986,3411994.318,61652.01999,46751.15682,,72.9820297524779,55.342782256825124,0.7583069756284233,4.290213243069855,4.013546248787539,,0.015132522722832498,0.020262391088976983,,86.57632513633195,,83.91635483738733,,
JPN,Japan,1987,3564408.898,61896.25606,46861.10459,,76.06327100451304,57.58682551889392,0.7570911000590171,4.331565507156692,4.053293817910293,,0.041352264086836676,0.039747569122754456,,90.23150635511158,,87.31900145129134,,
JPN,Japan,1988,3787216.61,62614.89307,47657.98273,,79.46657397263276,60.484278169509935,0.7611285493488108,4.375336480070636,4.102383466299266,,0.043770972913943496,0.04908964838897312,,94.26873942885152,,91.71241383206547,,
JPN,Japan,1989,3976714.684,63537.56269,48738.9737,,81.59208908414088,62.58840464816703,0.7670891302173115,4.4017323097720755,4.136580031686487,,0.026395829701439943,0.03419656538722027,,96.79017228020169,,94.90290438937667,,
JPN,Japan,1990,4188362.606,64597.92919,50097.26658,49070.382,83.60461342360128,64.83741287868364,0.7755243427796327,4.4260987030608865,4.171882795989454,10.801010913850876,0.02436639328881096,0.035302764302967304,,99.1775676725858,,98.31307939338024,,
JPN,Japan,1991,4346864.317,65911.57755,51565.50725,49722.027,84.29790665930082,65.94993593807557,0.782343696915505,4.434357032662726,4.188895907791746,10.814203313096137,0.008258329601839698,0.017013111802292258,0.013192399245260944,100.0,100.0,100.0,0.0,0.0
JPN,Japan,1992,4391467.74,66655.34173,52555.03724,49790.0,83.55940687370732,65.88320794736102,0.7884594974080856,4.425557838454787,4.187883597921157,10.815569439636228,-0.008799194207939287,-0.0010123098705889788,0.0013661265400912725,99.12394054032892,100.13670601160322,99.89882023421947,-0.010165320748029944,-0.002378436410679623
JPN,Japan,1993,4404570.769,66907.6185,53285.75211,49407.593,82.65944637334688,65.83063136524581,0.796407842703294,4.414729111424415,4.18708525227757,10.807859395818136,-0.010828727030371965,-0.0007983456435871616,-0.007710043818091705,98.0563452274373,99.3676162880488,99.8190982733603,-0.013284003960310887,0.004533261763824457
JPN,Japan,1994,4440268.427,66983.0,53565.0,49900.087,82.89495803229721,66.28948280907096,0.7996805159518087,4.417574240415858,4.194031254277941,10.817778025225063,0.002845128991443069,0.006946002000370655,0.009918629406927337,98.33572542593048,100.35811090324209,100.51485549783432,-0.02035750437579467,0.0015606343572674502
JPN,Japan,1995,4552126.315,67214.0,53795.0,50503.681,84.61987759085417,67.72586537030976,0.8003540928973131,4.4381691987162375,4.215468165598049,10.829801503696133,0.020594958300379496,0.021436911320107832,0.012023478471069993,100.38194416007818,101.5720477365092,102.6928448177747,-0.011786024546485316,0.010974067206305517
JPN,Japan,1996,4693721.962,67281.0,54190.0,50709.868,86.61601701420926,69.76296371932641,0.805427981153669,4.461484752441215,4.245103263206976,10.8338758057488,0.023315553724977178,0.02963509760892702,0.004074302052666567,102.74990263314288,101.98672713001018,105.7817005081417,0.00745522712582504,0.0365348627625662
JPN,Japan,1997,4758790.819,67765.0,54697.0,50896.229,87.0027756366894,70.22490694311223,0.8071570869918099,4.465940022015659,4.251703047864648,10.83754411335007,0.0044552695744446424,0.006599784657672636,0.0036683076012700155,103.2087024275948,102.36153284740385,106.48214580382715,0.008242189098999684,0.03946633981896852
JPN,Japan,1998,4701601.146,66989.0,54255.0,50102.359,86.6574720486591,70.18467428980877,0.809909089552016,4.46196324497305,4.251129972237597,10.821823371792796,-0.0039767770426095694,-0.0005730756270514448,-0.01572074155727421,102.79907945863322,100.76491652281186,106.42114096321406,0.019986153613664303,0.05461400574919122
JPN,Japan,1999,4702400.054,66091.0,53687.0,49627.559,87.58917529383277,71.15038437911365,0.8123193778275408,4.472657420601875,4.26479572689813,10.812301583410601,0.010694175628825242,0.01366575466053277,-0.00952178838219453,103.90433020814379,99.81000774566165,107.88544881365935,0.04020211762468442,0.07780154879191852
JPN,Japan,2000,4825876.249,65610.0,53746.0,50109.108,89.7904262456741,73.55397422648986,0.8191739064167047,4.497478357661154,4.298019479938287,10.821958066957178,0.024820937059279125,0.03322375304015779,0.009656483546576666,106.51560614496857,100.77848998392611,111.5300161861479,0.05536657113738715,0.10136881828549997
JPN,Japan,2001,4814476.726,65370.0,53919.0,49492.671,89.29091277657226,73.64963631635307,0.824827902707664,4.491899722083799,4.299319204897168,10.809579876988668,-0.005578635577355051,0.0012997249588808657,-0.012378189968510256,105.92304876258815,99.53872355203866,111.67506877566525,0.062166125528541415,0.1150467332128907
JPN,Japan,2002,4835168.123,64607.0,53524.0,48458.482,90.33644949929003,74.83969419722321,0.8284551209621248,4.503541027918711,4.315348415310197,10.788462669075923,0.011641305834912075,0.01602921041302885,-0.021117207912745073,107.16333664653695,97.45878220129683,113.47955556392773,0.09492463927619903,0.15219315153866517
JPN,Japan,2003,4909429.858,64641.0,53696.0,48584.03,91.43008525774732,75.94916319363871,0.8306802184372147,4.515574584667942,4.330064211122477,10.79105015506446,0.012033556749230456,0.014715795812279886,0.002587485988536642,108.46068292925942,97.71128196362551,115.1618452896634,0.1043707100368931,0.16432146136240808
JPN,Japan,2004,5014194.599,65010.0,54043.0,49163.656,92.78157391336529,77.12958927857254,0.8313028764805415,4.530248063109064,4.345486984877568,10.802909930320725,0.014673478441122434,0.015422773755091157,0.011859775256265692,110.06391213052555,98.87701480874863,116.95172736937035,0.10718441322175,0.1678844598612341
JPN,Japan,2005,5123874.55,65531.0,54668.0,50397.427,93.72712647252506,78.1900863713357,0.8342311272527506,4.540387650788444,4.3591428667698535,10.827695401168981,0.01013958767938039,0.013655881892285393,0.024785470848255997,111.1855918929677,101.35835170195284,118.55976091432925,0.0925385300528741,0.15675487090526388
JPN,Japan,2006,5191355.968,65989.0,55705.0,50222.681,93.19371632708017,78.67002027610663,0.8441558441558441,4.5346802980353615,4.365262146077315,10.824222016392177,-0.005707352753082873,0.006119279307461589,-0.0034733847768038117,110.5528239315986,101.00690585281241,119.28748551018263,0.09030456207659564,0.16634753498952876
JPN,Japan,2007,5267278.875,66513.0,56435.0,50390.78,93.33354965889961,79.19172003969149,0.8484807481244268,4.536179632272378,4.3718717484017855,10.8275635008166,0.0014993342370166474,0.006609602324470387,0.003341484424423058,110.71870388919304,101.34498338130909,120.07853974877162,0.08846241188918913,0.1696156528895761
JPN,Japan,2008,5206818.336,66411.0,56651.0,50164.902,91.91043999223315,78.40295035460993,0.8530363945731881,4.52081462456597,4.361861558722399,10.82307089780453,-0.01536500770640803,-0.010010189679386272,-0.0044926030120695515,109.03051289719353,100.89070182114655,118.88252693410841,0.0775900071948509,0.16409806622226006
JPN,Japan,2009,4869066.733,65646.0,56256.0,49529.637,86.55195415600114,74.17156769643238,0.8569600584955671,4.4607448597151205,4.306380892055124,10.810326496663846,-0.060069764850849694,-0.05548066666727536,-0.012744401140684758,102.67390684540993,99.61306887187037,112.46647421473858,0.030264643484685275,0.12136180069566907
JPN,Japan,2010,5053376.688,65560.0,56470.0,49375.434,89.48781101469807,77.08018133007931,0.8613483831604637,4.494102426226229,4.344846196035346,10.80720829203821,0.03335756651110877,0.038465303980221854,-0.0031182046256361673,106.156623053966,99.30293871567218,116.87681001305992,0.0667404146214311,0.16294530930152729
JPN,Japan,2011,5039063.677,65354.0,56477.0,49616.592,89.22328871930166,77.104135584662,0.8641705174893656,4.491142089806494,4.345156918361128,10.812080572904005,-0.0029603364197354765,0.000310722325782109,0.004872280865795275,105.84282843452723,99.78795112274882,116.91313189001394,0.05890779733589984,0.15838375076151387
JPN,Japan,2012,5095615.809,64897.0,56293.0,49644.884,90.51952834277797,78.51851100975392,0.8674206820037906,4.5055656102212485,4.363334406031232,10.812650622875177,0.014423520414754698,0.018177487670103964,0.0005700499711718265,107.38051741738086,99.844851457886,119.05775175199527,0.07276126777948308,0.17599118846044629
JPN,Japan,2013,5191978.66,65162.0,56688.0,49936.622,91.58867238216202,79.67801264540684,0.8699548816795064,4.517307600082871,4.377993671266082,10.818509920376593,0.01174198986162267,0.01465926523485006,0.0058592975014164494,108.64880993110259,100.43158940402803,120.81590605367896,0.07864396013968926,0.18479115619387976
JPN,Japan,2014,5208941.825,65428.0,57018.0,49496.878,91.35609500508612,79.61334329339121,0.8714617594913493,4.514765002055119,4.3771817081160735,10.80966487586067,-0.002542598027751808,-0.0008119631500083102,-0.008845044515922496,108.37291058046286,99.54718459084545,120.71784780525799,0.08494640662786002,0.19282423755979386
JPN,Japan,2015,5295120.838,65518.0,57342.0,49205.864,92.3428000069757,80.81932961934126,0.8752098659910253,4.525507739415041,4.392216164878748,10.803768082370064,0.010742737359922039,0.015034456762674786,-0.005896793490606456,109.54340821319464,98.96190273980582,122.54648692187885,0.1015859374783876,0.21375548781307466
JPN,Japan,2016,5334259.368,66138.0,58200.0,49740.502,91.65394103092783,80.65347255738003,0.8799782273428286,4.518019974244212,4.390161860772371,10.814574809787368,-0.007487765170829164,-0.0020543041063776357,0.010806727417303819,108.72623611088851,100.03715657046727,122.2949975768142,0.08329144489025495,0.2008944562893939
JPN,Japan,2017,5440834.767,66832.0,58926.0,49777.928,92.3333463496589,81.41062315956428,0.8817033756284415,4.525405358490254,4.399505770139126,10.815326951913493,0.007385384246041404,0.009343909366755554,0.0007521421261245109,109.53219363184685,100.11242703359623,123.44306632231712,0.08992468701017227,0.20948622353002494
JPN,Japan,2018,5474547.262,68006.0,60078.0,50604.706,91.12399317553847,80.50094494603418,0.8834220509955004,4.512221141439674,4.388268922815675,10.831799854903526,-0.013184217050580038,-0.011236847323451649,0.016472902990033234,108.09757535715094,101.77522730519404,122.06371970038218,0.06026756696955843,0.18177647321653947
JPN,Japan,2019,5443781.913,68615.0,60760.0,51098.125,89.59483069453587,79.33807349704874,0.8855206587480872,4.495297625175231,4.373718133181207,10.841503082759305,-0.016923516264442995,-0.014550789634467876,0.009703227855778707,106.28357719088226,102.7675822628872,120.30045574501256,0.03364082284933714,0.15752245572629275
JPN,Japan,2020,5194539.717,68265.0,60480.0,50712.225,85.8885535218254,76.09374814326522,0.8859591298615689,4.453050566581779,4.331966108316342,10.833922284773847,-0.04224705859345157,-0.04175202486486462,-0.0075807979854580765,101.88693518684082,101.99146748381747,115.38107969462517,-0.001025437758656167,0.12335122884688654
JPN,Japan,2021,5351542.293,68207.0,60482.0,51137.748,88.48156960748652,78.4603089565587,0.8867418300174469,4.482794277303461,4.362592878532495,10.842278211895902,0.02974371072168225,0.0306267702161529,0.008355927122055462,104.9629499877078,102.84727129085061,118.96949987977227,0.020362345840970117,0.14562207194098417
JPN,Japan,2022,5450737.454,68312.0,60731.0,50458.369,89.75214394625479,79.79180018152009,0.8890238903852911,4.49705191506363,4.379420744558603,10.828903899040874,0.014257637760168862,0.016827866026107863,-0.013374312855027881,106.47019303693727,101.48091709937731,120.98844228816459,0.047994296456166825,0.17582425082211992
JPN,Japan,2023,5537106.542,68553.0,61058.0,49173.069,90.68601234891415,80.7711776581623,0.8906685338351349,4.507403126362805,4.3916201897386795,10.803101374565564,0.0103512112991746,0.012199445180076651,-0.02580252447530995,107.57801224582191,98.89594605626198,122.47347402126866,0.08414803223065147,0.21382622047750668
GBR,United Kingdom,1970,1076875.445,,,,,,,,,,,,,,,,,
GBR,United Kingdom,1971,1092997.872,,,,,,,,,,,,,,,,,
GBR,United Kingdom,1972,1127827.862,,,,,,,,,,,,,,,,,
GBR,United Kingdom,1973,1194897.271,,,,,,,,,,,,,,,,,
GBR,United Kingdom,1974,1179511.512,,,,,,,,,,,,,,,,,
GBR,United Kingdom,1975,1157172.257,,,,,,,,,,,,,,,,,
GBR,United Kingdom,1976,1181199.595,,,,,,,,,,,,,,,,,
GBR,United Kingdom,1977,1214132.19,,,,,,,,,,,,,,,,,
GBR,United Kingdom,1978,1256913.302,,,,,,,,,,,,,,,,,
GBR,United Kingdom,1979,1295584.295,,,,,,,,,,,,,,,,,
GBR,United Kingdom,1980,1262072.696,24994.51447,22771.1251,,55.42425727571976,50.49398729128424,0.9110449065666528,4.015017354884302,3.9218542656537623,,,,,77.05901838346597,,81.16183025100678,,
GBR,United Kingdom,1981,1244753.852,24177.95988,21833.93136,,57.01006527300908,51.48299766307661,0.9030510211931082,4.043227835982479,3.9412516106961375,,0.02821048109817692,0.019397345042375225,,79.26384373652124,,82.75152233550875,,
GBR,United Kingdom,1982,1271485.065,23739.20034,21331.5659,,59.605800669326385,53.560568460159004,0.8985798002663472,4.087752896001922,3.980813134287168,,0.0445250600194429,0.03956152359103049,,82.87281986818795,,86.0909189134525,,
GBR,United Kingdom,1983,1314638.6,23693.01512,21184.46441,,62.05673056239424,55.48633609279527,0.8941227742735683,4.128048975750352,4.016136793914837,,0.040296079748430635,0.03532365962766937,,86.28046592372185,,89.18631371365453,,
GBR,United Kingdom,1984,1353776.427,24225.9925,21463.86472,,63.072351818288936,55.88115438407735,0.8859849486042729,4.144282508997132,4.023227192444483,,0.016233533246779785,0.007090398529645547,,87.69253314618895,,89.82092739453053,,
GBR,United Kingdom,1985,1400524.812,24480.01118,21611.89138,,64.8034356352572,57.21095475414729,0.8828382969717254,4.171358621015379,4.046745396729671,,0.027076112018247223,0.023518204285188027,,90.09934247899558,,91.9583904409866,,
GBR,United Kingdom,1986,1449081.582,24561.29716,21617.44238,,67.03297996717038,58.99857701163858,0.8801425364131705,4.2051847365974035,4.077513325168061,,0.03382611558202431,0.030767928438390157,,93.19918550990823,,94.83173639757486,,
GBR,United Kingdom,1987,1511776.632,25119.21455,21970.85601,,68.80827179932895,60.18407259473803,0.8746633365572332,4.231323967353703,4.097407742470439,,0.026139230756299092,0.019894417302378287,,95.66745937869051,,96.73725023081187,,
GBR,United Kingdom,1988,1585321.988,26017.97883,22641.60178,,70.01810222633462,60.93178868191123,0.8702290799734654,4.2487538118506585,4.109755020171402,,0.017429844496955837,0.012347277700962778,,97.34954497979693,,97.93909641881478,,
GBR,United Kingdom,1989,1621053.476,26757.86597,23130.08974,,70.0841844636959,60.58231541399712,0.8644220643728713,4.249697154658588,4.1040030256345785,,0.0009433428079299588,-0.005751994536823624,,97.44142230200102,,97.37736834841925,,
GBR,United Kingdom,1990,1637863.78,26881.64234,23230.9329,42903.917,70.50357327664616,60.928709610976846,0.8641932143198063,4.255663393308916,4.109704485814852,10.666718406109332,0.00596623865032786,0.005701460180273621,,98.024518798652,,97.93414725464865,,
GBR,United Kingdom,1991,1624025.911,26103.88333,22579.61562,43012.58,71.92442680740373,62.213958378123046,0.8649906734010828,4.275615940096211,4.130579385792545,10.669247910028448,0.019952546787294523,0.02087489997769243,0.002529503919115328,100.0,100.0,100.0,0.0,0.0
GBR,United Kingdom,1992,1649695.276,25521.94962,22082.80117,43871.676,74.70498254728433,64.63829372608879,0.8652474242287137,4.313546790681233,4.168807017300224,10.68902419721442,0.03793085058502221,0.03822763150767905,0.01977628718597302,103.8659407704788,101.99731334414248,103.89677077486559,0.018154563399049046,0.018451344321706087
GBR,United Kingdom,1993,1710103.048,25329.81913,21874.63869,44586.841,78.17743059599765,67.5134330499264,0.8635923761529046,4.35898099459063,4.212326586226047,10.705194049630814,0.04543420390939712,0.04351956892582365,0.016169852416393127,108.69385279265131,103.66000132984347,108.51814417528989,0.04741891489205309,0.045801060831136824
GBR,United Kingdom,1994,1792002.045,25529.33926,21969.93084,45375.054,81.56612135243299,70.19382784448922,0.8605757719089515,4.40141399625469,4.251260384723188,10.722717761649088,0.042433001664059944,0.038933798497140515,0.017523712018274296,113.40531301117962,105.4925187003429,112.82649372326745,0.07232820453783902,0.06721114731000195
GBR,United Kingdom,1995,1850724.384,25814.339,22133.085,45386.18,83.61800372609603,71.693657699312,0.8573949927596441,4.426258852480284,4.272402287616564,10.722962932402401,0.024844856225594292,0.02114190289337614,0.0002451707533133174,116.25814405167924,105.5183855513897,115.23725473883752,0.09692789001011932,0.08810787945006539
GBR,United Kingdom,1996,1904533.527,26056.249,22429.81,45356.574,84.91081854906483,73.09315807505524,0.860822676356831,4.44160151216107,4.29173476559081,10.722310406448639,0.015342659680785964,0.01933247797424631,-0.0006525259537628614,118.05560686140123,105.44955452567591,117.48675053082262,0.11292307564466843,0.10809288337807459
GBR,United Kingdom,1997,1983705.386,26522.786,22956.049,47104.556,86.4131883496154,74.79249676108687,0.8655217819123526,4.459140307096626,4.314717569268322,10.760125005687364,0.017538794935555657,0.02298280367751193,0.03781459923872532,120.14442406473265,109.51344002150063,120.21819332972542,0.09264727134149871,0.09326108781686089
GBR,United Kingdom,1998,2049281.796,26793.53,23348.302,47826.731,87.77005694032911,76.48420331326257,0.8714156738585771,4.474720405348593,4.33708422687286,10.775339988112416,0.015580098251967378,0.02236665760453782,0.015214982425051815,122.03094391750406,111.19242556479988,122.9373685699406,0.09301238716841409,0.10041276299634665
GBR,United Kingdom,1999,2111096.683,27167.078,23762.955,50209.356,88.83982160467838,77.70790377235271,0.8746967561251895,4.4868349909724135,4.352956973852207,10.823956662816244,0.012114585623820062,0.015872746979346708,0.04861667470382791,123.51828933245446,116.73179334975954,124.90429125255268,0.05651029808840694,0.06766883527186564
GBR,United Kingdom,2000,2207987.855,27483.293,24118.978,52593.342,91.54566395806656,80.33927575563816,0.877586903432569,4.516837907443625,4.386258614148633,10.87034481276737,0.03000291647121145,0.03330164029642635,0.04638814995112561,127.28035247775247,122.27432532528852,129.13384367436217,0.04012506460849271,0.05458232561716647
GBR,United Kingdom,2001,2261405.517,27711.393,24316.507,54743.935,92.99878132167584,81.6056239756695,0.877491326401383,4.532586388999395,4.401898180865559,10.910421865286898,0.0157484815557698,0.015639566716926012,0.04007705251952842,129.30069164222073,127.2742416288444,131.1693165056113,0.015796493644734344,0.03014483981456437
GBR,United Kingdom,2002,2295842.0,27943.903,24508.161,55339.732,93.67663285711237,82.15895968433615,0.8770485998323141,4.5398487756152335,4.408655903470228,10.921246410539165,0.007262386615838778,0.006757722604668892,0.010824545252267725,130.24314132937866,128.65941080493187,132.05872416121102,0.01223433500830451,0.026078017166964954
GBR,United Kingdom,2003,2368648.791,28223.073,24558.255,57094.795,96.45020751678,83.92597046395338,0.8701481585651569,4.5690268908971685,4.429935106266068,10.952468235622252,0.029178115281935035,0.02127920279584039,0.031221825083086685,134.09937596729188,132.7397589263418,134.89894012830592,0.010190625207153043,0.01613539487971901
GBR,United Kingdom,2004,2418089.552,28533.454,24811.515,58770.982,97.45835963664453,84.74577077138996,0.8695587642491511,4.579425206129087,4.439655842612915,10.981403508672475,0.010398315231918254,0.009720736346846337,0.02893527305022303,135.50105848964844,136.6367281386048,136.21665134425848,-0.008346332611151848,-0.0030791418236572827
GBR,United Kingdom,2005,2491769.26,28853.15,25112.583,59357.288,99.22393327679593,86.36038907363667,0.8703584530631836,4.5973792480625475,4.458529110889314,10.991330189466028,0.01795404193346073,0.018873268276399457,0.009926680793553189,137.95582068730792,137.99983167715115,138.8119182977505,-0.00031897147124383836,0.005867445659188901
GBR,United Kingdom,2006,2550288.857,29140.451,25294.53,60350.978,100.82372975501028,87.51713750072021,0.8680212258897434,4.613373742167898,4.471834631337149,11.007932431862473,0.015994494105350476,0.013305520447834951,0.01660224239644492,140.1800949001539,140.3100627769828,140.67122520770965,-0.0009267197623380467,0.0025707237105788683
GBR,United Kingdom,2007,2625049.257,29378.747,25454.971,62815.579,103.12521106388218,89.35198145108096,0.866441683166406,4.63594389133282,4.492583417644728,11.047958394939617,0.02257014916492217,0.02074878630757926,0.040025963077143345,143.3799553801473,146.04001666489174,143.62047325138653,-0.018382533674559443,-0.016706453058985347
GBR,United Kingdom,2008,2629825.591,29627.564,25681.438,61138.752,102.40180440830456,88.76280179497714,0.8668089620867918,4.628904333625005,4.48596766353034,11.020901183067702,-0.007039557707814836,-0.00661575411438875,-0.027057211871914788,142.3741682120205,142.14155951584388,142.673451599874,0.0016351204895406145,0.003735004698540663
GBR,United Kingdom,2009,2510394.43,29154.264,25197.143,60961.878,99.63012195469939,86.10728193995912,0.8642695627644725,4.601464548132091,4.455593983234383,11.018003996972613,-0.02743978549291448,-0.03037368029595644,-0.0028971860950885997,138.52056439947006,141.73034493629518,138.40508494350672,-0.02290747890828505,-0.023741489502327295
GBR,United Kingdom,2010,2571090.616,29226.867,25143.316,61224.207,102.25741966572747,87.97010695672581,0.8602809189229896,4.6274933562582685,4.476997063095671,11.02229792951109,0.026028808126177694,0.021403079861287644,0.004293932538477208,142.17342313974663,142.34023395016058,141.39930853147527,-0.0011726033205847655,-0.00663234217951632
GBR,United Kingdom,2011,2593880.192,29374.489,25215.811,60107.071,102.8672126389272,88.30384051957465,0.8584255201852192,4.633438958819068,4.480783600656996,11.00388276751277,0.005945602560799124,0.0037865375613250762,-0.018415161998319718,143.02124772489432,139.74300309351347,141.9357372872546,0.023188161238534236,0.015569357380128487
GBR,United Kingdom,2012,2638369.782,29694.324,25362.589,59635.157,104.02604331915799,88.85097980341294,0.8541224578811762,4.644641284322752,4.486960582152833,10.996000561691453,0.011202325503684385,0.0061769814958374525,-0.007882205821317712,144.63242591799118,138.6458496560771,142.8151850801645,0.04227269256353633,0.029628544697282978
GBR,United Kingdom,2013,2681820.488,30041.77,25669.109,60147.759,104.476570963176,89.26972305559892,0.8544472912215225,4.648962844958675,4.491662382863158,11.004559463850915,0.004321560635922594,0.004701800710324555,0.008558902159462534,145.25881623351557,139.83759867462015,143.48825469846614,0.03803535103999589,0.025771443248144746
GBR,United Kingdom,2014,2768566.067,30752.516,26078.556,60339.735,106.1625523667798,90.02730270915069,0.84801373650208,4.6649714323760385,4.5001129877598895,11.007746120923494,0.016008587417363884,0.008450604896731662,0.0031866570725789245,147.60291750542206,140.28392391249247,144.70595515235362,0.050857281384780635,0.03103539107229813
GBR,United Kingdom,2015,2820830.82,31285.035,26606.635,61166.958,106.01982625762334,90.16549989475799,0.8504588535700854,4.663626116788494,4.5016468693656595,11.021362420740088,-0.001345315587544249,0.001533881605769949,0.013616299816593624,147.40447851120018,142.2071356798404,144.92808727384212,0.03589566598064276,0.018952972861473797
GBR,United Kingdom,2016,2887605.747,31745.325,26853.889,61886.804,107.5302630095775,90.96160606325498,0.8459163357124238,4.677772324317583,4.5104375060943935,11.033062253393553,0.01414620752908835,0.008790636728734036,0.011699832653464526,149.50451158619256,143.88070652818297,146.2077135655152,0.038342040856266975,0.016043776936743567
GBR,United Kingdom,2017,2978188.864,32060.17,27145.621,62302.379,109.71157609545938,92.89373275313264,0.8467085795240636,4.697854886740788,4.53145618125275,11.039754890242296,0.020082562423205275,0.021018675158356537,0.0066926368487436605,152.53729638922326,144.84687735541536,149.31332963664607,0.05173196643072785,0.030369815246356447
GBR,United Kingdom,2018,3022159.012,32442.967,27548.023,62515.19,109.70511430166876,93.15297864094859,0.8491215677037184,4.697795986993637,4.534243073358128,11.043164846195056,-5.889974715067581e-05,0.0027868921053775253,0.0034099559527600576,152.52831224561942,145.3416419103433,149.73003015623092,0.0482631107308175,0.029746751398973807
GBR,United Kingdom,2019,3063172.14,32918.729,27828.853,63237.752,110.07180712765992,93.05256408897198,0.8453805430944797,4.70113294488599,4.533164538742688,11.05465674356952,0.0033369578923529986,-0.001078534615439608,0.011491897374463989,153.03814296971134,147.02152719041726,149.56862819018608,0.04010817124870642,0.01717631940907084
GBR,United Kingdom,2020,2770035.709,32554.923,27879.982,62432.983,99.35572085376525,85.08807435975197,0.8563983395076683,4.59870655016602,4.443686888976079,11.041848988429587,-0.10242639471996995,-0.08947764976660899,-0.012807755139933263,138.1390513125894,145.1505187552106,136.76685518482037,-0.04951046833133007,-0.05949357521760533
GBR,United Kingdom,2021,3009488.423,32551.369,28232.605,63586.187,106.59620049230314,92.45351318403844,0.867324658449849,4.669047868435208,4.526705958020132,11.060151540205428,0.07034131826918788,0.08301906904405332,0.01830255177584128,148.20583941216807,147.83160414929753,148.6057399243525,0.002528298162016534,0.0052229420506071335
GBR,United Kingdom,2022,3152066.437,32955.659,28631.155,62476.54,110.09218583742081,95.64568067050335,0.8687781057571933,4.70131806788948,4.560650537213758,11.042546405259294,0.03227019945427223,0.03394457919362548,-0.017605134946133916,153.06647647289722,145.25178447793635,153.73669054971475,0.05240363256242277,0.056772656190366755
GBR,United Kingdom,2023,3164023.743,33348.734,28881.034,62797.046,109.55368644349782,94.87687727516133,0.8660308964052429,4.6964147162603105,4.552580022346508,11.047663313133398,-0.004903351629169883,-0.00807051486725019,0.005116907874104015,152.31777478999751,145.9969292704599,152.50094954338076,0.04238337305914863,0.04358523344901163
USA,United States,1970,,82853.0,75756.0,,,,0.9143422688375799,,,,,,,,,,,
USA,United States,1971,,83172.0,76030.0,,,,0.914129755206079,,,,,,,,,,,
USA,United States,1972,,85563.0,78329.0,,,,0.915454109837196,,,,,,,,,,,
USA,United States,1973,,88356.0,81040.0,,,,0.9171986056408167,,,,,,,,,,,
USA,United States,1974,,89996.0,82469.0,,,,0.9163629494644207,,,,,,,,,,,
USA,United States,1975,,88954.0,81448.0,,,,0.9156193088562627,,,,,,,,,,,
USA,United States,1976,,91747.0,84252.0,,,,0.9183079555734792,,,,,,,,,,,
USA,United States,1977,,94954.0,87196.0,,,,0.9182972807885924,,,,,,,,,,,
USA,United States,1978,,98962.0,90844.0,,,,0.91796851316667,,,,,,,,,,,
USA,United States,1979,,101714.0,93298.0,,,,0.9172581945454903,,,,,,,,,,,
USA,United States,1980,,102222.0,93564.0,,,,0.9153019897869343,,,,,,,,,,,
USA,United States,1981,,103399.0,94646.0,,,,0.9153473437847561,,,,,,,,,,,
USA,United States,1982,,102620.0,93697.0,,,,0.9130481387643734,,,,,,,,,,,
USA,United States,1983,,103963.0,94750.0,,,,0.9113819339572733,,,,,,,,,,,
USA,United States,1984,,108178.0,98766.0,,,,0.9129952485717984,,,,,,,,,,,
USA,United States,1985,,110371.0,101044.0,,,,0.9154941062416758,,,,,,,,,,,
USA,United States,1986,,112860.0,103491.0,,,,0.9169856459330143,,,,,,,,,,,
USA,United States,1987,,115743.0,106078.0,,,,0.9164960299974945,,,,,,,,,,,
USA,United States,1988,,118241.0,108285.0,,,,0.9157990883027038,,,,,,,,,,,
USA,United States,1989,,120606.0,110536.0,,,,0.9165049831683333,,,,,,,,,,,
USA,United States,1990,,121998.0,111866.0,55093.221,,,0.9169494581878391,,,10.916781956719095,,,,,,,,
USA,United States,1991,,120863.0,110490.0,55467.616,,,0.9141755541398112,,,10.923554633939284,,,0.006772677220189038,,,,,
USA,United States,1992,,121472.0,111432.0,56753.198,,,0.9173472075869337,,,10.946467286178818,,,0.022912652239533315,,,,,
USA,United States,1993,,123059.0,112554.0,56433.418,,,0.9146344436408552,,,10.940816779747324,,,-0.005650506431493341,,,,,
USA,United States,1994,,125708.0,115144.0,56217.689,,,0.9159639800171827,,,10.936986737247793,,,-0.0038300424995316718,,,,,
USA,United States,1995,,127444.0,116930.0,56536.405,,,0.9175010200558676,,,10.942640045922222,,,0.005653308674428814,,,,,
USA,United States,1996,,129154.0,118630.0,57363.445,,,0.9185158802669681,,,10.957162532744771,,,0.014522486822549752,,,,,
USA,United States,1997,13035513.5,131934.0,121390.0,58795.311,107.38539830299037,98.80329179741386,0.9200812527475859,4.6764242166213625,4.593130921986386,10.981817385808966,,,0.024654853064195237,100.0,100.0,100.0,0.0,0.0
USA,United States,1998,13619937.14,133785.0,123444.0,61216.607,110.33292132464923,101.80466524647755,0.9227043390514632,4.703502352484301,4.623055930634913,11.022173787899131,0.02707813586293817,0.029925008648526763,0.04035640209016478,102.74480801695438,104.11817874387974,103.03772616727964,-0.013278266227227279,-0.010431393441638136
USA,United States,1999,14272118.52,135779.0,125658.0,62829.502,113.57906794633051,105.11285633271713,0.9254597544539288,4.732499228273078,4.655034595166039,11.048180019215652,0.028996875788776855,0.031978664531125744,0.026006231316520356,105.76770188612102,106.86141621055445,106.38598615544144,-0.01028762175497027,-0.004458960227032946
USA,United States,2000,14854013.1,139175.0,128942.0,64927.983,115.19918335375596,106.72903251302317,0.9264738638404886,4.746662659293573,4.67029321607661,11.08103398079702,0.014163431020495665,0.015258620910571175,0.03285396158136855,107.27639434620228,110.4305460685461,108.02173750633759,-0.028978152315842966,-0.02205430089783013
USA,United States,2001,14995956.6,139222.0,129089.0,65426.917,116.1675789571536,107.7125497407019,0.9272169628363334,4.755033794791333,4.679466102357139,11.08868902769511,0.00837113549776003,0.009172886280529369,0.0076550468980904895,108.17818883474652,111.27914095054268,109.01716712187644,-0.028262063716173992,-0.02053646151539181
USA,United States,2002,15250970.16,138807.0,128844.0,65953.109,118.36771723945236,109.87176554496531,0.9282240809181093,4.773796026821261,4.699313917983563,11.096699298808394,0.01876223202992744,0.01984781562642368,0.008010271113283451,110.22701327183714,112.17409667243699,111.20253540767268,-0.017510102799529796,-0.008698917002251418
USA,United States,2003,15677327.55,140084.0,129787.0,66661.954,120.79274156887824,111.91376281374033,0.9264941035378773,4.794076197345112,4.71772859983487,11.107389664363408,0.02028017052385156,0.018414681851306902,0.010690365555014125,112.4852572861524,113.37971152155302,113.26926540383712,-0.007920297830692596,-0.0009746007059585573
USA,United States,2004,16280613.77,141569.0,131140.0,67897.332,124.1468184383102,115.00126277645529,0.9263327423376587,4.821464884870349,4.744943108967791,11.125752019696739,0.027388687525236932,0.02721450913292145,0.018362355333330527,115.60865853291068,115.4808620707865,116.39416125148313,0.0011060343612140236,0.007877553093632843
USA,United States,2005,16847755.5,143980.0,133527.0,67961.013,126.17489721179986,117.01455410473677,0.9273996388387276,4.837669017578084,4.762298321119036,11.126689481501735,0.016204132707734686,0.01735521215124436,0.0009374618049964312,117.49725680189265,115.58917172833728,118.43183762000892,0.016372705263951907,0.024295303439880903
USA,United States,2006,17316790.77,146678.0,136089.0,68978.508,127.24607257015629,118.05990516641896,0.9278078512114973,4.84612279106558,4.771192166546245,11.141550256799098,0.008453773487496541,0.008893845427209612,0.01486077529736285,118.49476239882127,117.31974340606847,119.48985000265864,0.009965703454085855,0.018328373569727083
USA,United States,2007,17663798.9,148295.0,137876.0,70283.563,128.11365937509066,119.1125722377693,0.9297413938433527,4.852917833780823,4.780069031140861,11.160293238227128,0.006795042715242339,0.008876864594615341,0.018742981428029992,119.30268118353953,119.53940170500994,120.55526700668794,-0.0019822352587016067,0.008462256736312148
USA,United States,2008,17683926.0,147643.0,137580.0,70110.671,128.5355865678151,119.77490297542045,0.9318423494510407,4.856205804265884,4.7856141727118375,11.157830286829869,0.0032879704850614644,0.0055451415709768526,-0.002462951397259161,119.69559046114351,119.24534424182218,121.22561991254982,0.0037686866236194176,0.016470349704548755
USA,United States,2009,17228273.67,142183.0,132354.0,70813.355,130.16813749490007,121.1697155778117,0.9308707792070782,4.868826980124489,4.797192170941936,11.167802891836923,0.012621175858604339,0.01157799823009853,0.009972605007053659,121.21586319177928,120.44048036415676,122.6373265237538,0.006417257475169429,0.018075742927593726
USA,United States,2010,17692672.33,141386.0,131705.0,71439.498,134.33561618769218,125.13737095610597,0.9315278740469354,4.900341267087221,4.8294121015282565,11.176606188649993,0.031514286962732285,0.032219930586320444,0.00880329681307046,125.09672479740789,121.50543433642183,126.65303825371271,0.0291282476248317,0.04149237670084342
USA,United States,2011,17969393.66,142183.0,132734.0,71536.739,135.3789809694577,126.38215300000704,0.9335433912633718,4.908078111865382,4.839310277123661,11.177966428883387,0.007736844778160723,0.009898175595404624,0.0013602402333940944,126.06833248174281,121.67082337569397,127.91289713215308,0.035504852169598033,0.05003031206285351
USA,United States,2012,18380787.44,144750.0,135221.0,72146.935,135.931456208725,126.98298749568222,0.9341692573402418,4.912150760220878,4.844053120758676,11.186460082357195,0.004072648355496256,0.0047428436350145375,0.008493653473808038,126.58281140345662,122.7086544367457,128.52100895185555,0.031083847051286126,0.046279502224060645
USA,United States,2013,18770051.94,146187.0,136779.0,71827.448,137.22904788015705,128.39754519895752,0.935644072318332,4.921651412125556,4.855131272684921,11.18202196610692,0.00950065190467786,0.011078151926245283,-0.00443811625027557,127.79116159998041,122.16526586618428,129.9526998171515,0.045022615206239895,0.06179577040058109
USA,United States,2014,19243723.83,148507.0,139149.0,72956.685,138.29581118082055,129.5812576511545,0.936986135333688,4.929394950293156,4.864308156570903,11.19762118786071,0.007743538167600761,0.009176883885982257,0.01559922175379036,128.78455857715008,124.08589011460442,131.15074942730422,0.037166931620049935,0.055373432532773534
USA,United States,2015,19810549.43,151006.0,141498.0,74825.132,140.00586177896508,131.19047872269977,0.9370356144788948,4.941684291582537,4.876650303165477,11.222909096835615,0.01228934128938075,0.01234214659457411,0.025287908974904738,130.37700096239837,127.26377448705038,132.77946142896994,0.024168363934525778,0.042427670152442296
USA,United States,2016,20171045.87,153588.0,143984.0,74951.209,140.0922732386932,131.33217354220383,0.9374690731046696,4.942301300063969,4.877729789693906,11.224592634154481,0.0006170084814316468,0.0010794865284289301,0.0016835373188666125,130.45746950010803,127.47820825371605,132.9228724600463,0.023101835097090635,0.04182361936200471
USA,United States,2017,20666741.66,155493.0,145968.0,75768.867,141.58405719061713,132.91107419626607,0.9387432231676024,4.952893584459094,4.889680289533348,11.235442761665936,0.010592284395125162,0.01195049983944152,0.010850127511455199,131.8466564617421,128.86889398373964,134.52089680249395,0.02284399198076093,0.042923991689991274
USA,United States,2018,21279827.98,157916.0,148209.0,76663.545,143.57986343609363,134.75409698827224,0.9385306112110235,4.966891420013281,4.903451613692559,11.247181581016942,0.013997835554187432,0.013771324159211673,0.011738819351005958,133.7052017360682,130.39057655465064,136.38624233752438,0.02510300818394192,0.04495649649819683
USA,United States,2019,21829687.8,159720.0,150181.0,78044.387,145.35585593383985,136.67472952667168,0.9402767342849987,4.979184914695836,4.9176038658266386,11.265033007918717,0.01229349468255414,0.014152252134079113,0.01785142690177466,135.35905088670899,132.73913458847068,138.3301376303427,0.01954507596472144,0.041257321730501326
USA,United States,2020,21375300.0,149978.0,140725.0,82783.413,151.89411973707587,142.52290335915933,0.9383042846284122,5.023183697444099,4.959502712121208,11.323982994218444,0.04399878274826374,0.0418988462945693,0.058949986299726476,141.4476475735585,140.7993453763684,144.24914470601658,0.00459387241325908,0.024206181725343712
USA,United States,2021,22690305.88,154764.0,144808.0,84211.21,156.69235042262858,146.61229924271794,0.9356697940089427,5.054284331467329,4.987791682541326,11.341083326760613,0.031100634023229823,0.028288970420118353,0.017100332542169028,145.91588139433773,143.22776522093736,148.38807146560623,0.018594173894319846,0.03539481960329342
USA,United States,2022,23263032.62,160415.0,150541.0,81837.833,154.52954756511517,145.01781392014462,0.9384471526976904,5.040385324428693,4.976856589496251,11.312494921780322,-0.01389900703863578,-0.010935093045075561,-0.02858840498029025,143.9018246494803,139.19108787433728,146.77427369271152,0.03328357183597439,0.053048131538507785
USA,United States,2023,23945668.1,163124.0,153396.0,82078.428,156.10360178883414,146.79426755106545,0.9403643853755426,5.050519900854389,4.989032066038305,11.31543050817441,0.010134576425695485,0.012175476542054753,0.0029355863940878635,145.36762376983904,139.60029567663986,148.57224377913664,0.04048256186758191,0.06228802168647466
