Year,Reference_Area_Code,Reference_Area,Gross_Value_Added_gva,Total_Labour_Compensation_lctot,Capital_Deepening_Growth_kserhrs,Capital_Services_Growth_kser,Hours_hrsto,sL,sK,log_share_ratio,dy,gK,gH,dx,dx_oecd_direct,dx_gap_check
2000,CAN,Canada,1027448.0,621691.0389,2.884253347,4.783970654,26945.885,0.6050827281769978,0.3949172718230022,0.4266888849280448,,0.04783970654,,,0.02884253347,
2001,CAN,Canada,1065641.0,642719.1951,3.853624618,4.033590272,26994.422,0.6031291918197592,0.3968708081802408,0.4185206147109325,-0.008168270217112306,0.04033590272,0.0017996565388465058,0.03853624618115349,0.03853624618,1.153493967009922e-12
2002,CAN,Canada,1105076.0,665444.0374,1.053139517,2.427219264,27367.907,0.6021703823085471,0.39782961769145286,0.41451661498237385,-0.004003999728558638,0.024272192640000002,0.013740797471781363,0.01053139516821864,0.01053139517,-1.7813597819049676e-12
2003,CAN,Canada,1165458.0,692207.0862,1.424477523,2.997247823,27801.744,0.593935676961332,0.406064323038668,0.3802594473726258,-0.03425716760974806,0.02997247823,0.015727703001530813,0.014244775228469186,0.01424477523,-1.5308136702696373e-12
2004,CAN,Canada,1241734.0,729985.749,2.081474076,4.292476218,28423.287,0.5878761063158454,0.4121238936841546,0.35519220518293104,-0.02506724218969475,0.04292476218,0.02211002142655971,0.020814740753440288,0.020814740760000002,-6.559714577081266e-12
2005,CAN,Canada,1323877.0,769331.1301,4.615782953,5.580499281,28698.818,0.5811197944370965,0.4188802055629035,0.32737194877153764,-0.027820256411393407,0.055804992809999995,0.009647163280055437,0.04615782952994456,0.04615782953,-5.5441762292218755e-14
2006,CAN,Canada,1395911.0,816511.2106,4.303606808,5.652479116,29088.551,0.5849307087629512,0.41506929123704883,0.3430479205279013,0.01567597175636365,0.056524791160000004,0.013488723086439336,0.04303606807356067,0.043036068079999996,-6.4393282372954275e-12
2007,CAN,Canada,1473053.0,867263.0695,2.455410796,4.456729321,29676.57,0.588752115164899,0.411247884835101,0.35880907915270316,0.015761158624801874,0.04456729321,0.020013185248261678,0.02455410796173832,0.024554107959999998,1.738321292465983e-12
2008,CAN,Canada,1555048.0,904361.6663,2.213533767,3.434689876,30041.189,0.5815651132955382,0.41843488670446183,0.329201649903391,-0.029607429249312145,0.03434689876,0.012211561088724565,0.022135337671275436,0.022135337669999998,1.2754380884771876e-12
2009,CAN,Canada,1469122.0,897319.7475,3.355244022,0.057226616,29066.585,0.610786406779015,0.38921359322098503,0.4506190425566844,0.12141739265329338,0.00057226616,-0.03298017406205034,0.03355244022205034,0.03355244022,2.0503390651960274e-12
2010,CAN,Canada,1559055.0,922018.4732,-0.272391621,2.180456436,29788.36,0.5913957321582626,0.4086042678417374,0.36973826352114647,-0.08088077903553792,0.02180456436,0.024528480569040667,-0.0027239162090406666,-0.00272391621,9.59333307237742e-13
2011,CAN,Canada,1662363.0,968633.1051,1.540977988,2.915005056,30200.485,0.5826844709007599,0.4173155290992401,0.33380322336725693,-0.03593504015388954,0.02915005056,0.013740270675629773,0.015409779884370228,0.01540977988,4.370228137706711e-12
2012,CAN,Canada,1710425.0,1010638.47,1.484497125,3.315681241,30758.606,0.5908697955186576,0.4091302044813424,0.36756222723678644,0.033759003869529514,0.03315681241,0.018311841160427278,0.014844971249572722,0.01484497125,-4.272780046443714e-13
2013,CAN,Canada,1781916.0,1051808.816,2.17030573,3.101048739,31046.226,0.5902684615885373,0.4097315384114627,0.36507529218014595,-0.0024869350566404935,0.031010487389999997,0.00930743008352053,0.021703057306479468,0.0217030573,6.479469738529531e-12
2014,CAN,Canada,1867754.0,1088482.006,3.61197222,3.639662573,31054.824,0.5827758933992379,0.41722410660076215,0.3341792067079398,-0.030896085472206125,0.03639662573,0.0002769035323861857,0.036119722197613814,0.0361197222,-2.386188469039041e-12
2015,CAN,Canada,1856816.0,1119193.864,0.161518925,1.11021554,31350.842,0.6027489336584778,0.3972510663415222,0.41693225821069724,0.08275305150275741,0.0111021554,0.00948696614163147,0.001615189258368531,0.00161518925,8.368530911642691e-12
2016,CAN,Canada,1886105.0,1116677.772,-0.588854424,-0.103914436,31503.244,0.5920549343753397,0.40794506562466026,0.37246690286964046,-0.04446535534105678,-0.00103914436,0.004849399883585903,-0.005888544243585903,-0.00588854424,-3.585903275704627e-12
2017,CAN,Canada,1991536.0,1160602.32,-0.866464418,0.720220943,32007.088,0.582767431771256,0.417232568228744,0.33414440651078936,-0.0383224963588511,0.007202209429999999,0.01586685361615281,-0.008664644186152811,-0.00866464418,-6.152810899662242e-12
2018,CAN,Canada,2083380.0,1220996.238,-0.983978301,1.448768525,32795.288,0.586065066382513,0.413934933617487,0.3477220218971309,0.013577615386341557,0.01448768525,0.024327468261413188,-0.009839783011413188,-0.00983978301,-1.413187275534078e-12
2019,CAN,Canada,2161925.0,1271415.908,-0.155240364,1.419156721,33315.702,0.5880943640505568,0.4119056359494432,0.3560931339433369,0.008371112046205997,0.01419156721,0.015743970848234312,-0.0015524036382343117,-0.00155240364,1.7656882900229931e-12
2020,CAN,Canada,2083991.0,1240008.811,12.82831135,0.226127194,29370.976,0.5950163945045828,0.40498360549541723,0.38474237292628355,0.028649238982946634,0.00226127194,-0.12602184153519858,0.12828311347519858,0.1282831135,-2.480141092497945e-11
2021,CAN,Canada,2366372.0,1359409.908,39.45267661,49.34959341,32426.505,0.574470078246362,0.425529921753638,0.3001127458742028,-0.08462962705208077,0.4934959341,0.09896916808209433,0.39452676601790565,0.3945267661,-8.209433133288258e-11
2022,CAN,Canada,2674953.0,1484029.183,-3.59283305,1.213502551,34023.093,0.5547870123325531,0.4452129876674469,0.2200314868940413,-0.08008125898016147,0.01213502551,0.04806335601382372,-0.03592833050382372,-0.0359283305,-3.823719119111502e-12
2000,FRA,France,1319254.3,896281.0577,1.18178315,2.478479679,39617.701,0.6793846021195459,0.3206153978804541,0.7509451241847722,,0.024784796789999997,,,0.0118178315,
2001,FRA,France,1373817.1,932213.4996,2.246039363,2.43150147,39691.245,0.6785572108543415,0.3214427891456585,0.7471492172661766,-0.0037959069185956595,0.024315014700000002,0.0018546210683538789,0.022460393631646123,0.02246039363,1.6461242091647676e-12
2002,FRA,France,1417481.7,968625.7992,3.683700898,1.95957106,39012.782,0.6833427191335169,0.31665728086648315,0.7691764625691359,0.022027245302959297,0.0195957106,-0.01724129838260957,0.03683700898260957,0.03683700898,2.6095653415936226e-12
2003,FRA,France,1457776.7,997898.4016,1.673195787,1.951590898,39121.543,0.6845344706085644,0.3154655293914356,0.7746895833422635,0.0055131207731276,0.01951590898,0.002783951105866933,0.016731957874133067,0.01673195787,4.133065417688542e-12
2004,FRA,France,1521910.0,1033416.287,0.282973662,2.004318571,39800.789,0.679025886550453,0.32097411344954696,0.7492987749351951,-0.02539080840706831,0.02004318571,0.017213449085440757,0.002829736624559244,0.0028297366200000004,4.559243607649144e-12
2005,FRA,France,1579667.7,1072227.728,1.18729027,1.962343932,40110.465,0.6787679003628421,0.32123209963715793,0.7481153297592051,-0.0011834451759900055,0.01962343932,0.007750536619184345,0.011872902700815657,0.0118729027,8.156565700634388e-13
2006,FRA,France,1649439.9,1118479.734,2.079530513,2.160202588,40142.836,0.6780966884577001,0.3219033115422999,0.7450386603779072,-0.003076669381297914,0.02160202588,0.0008067207542179489,0.02079530512578205,0.02079530513,-4.217948906815039e-12
2007,FRA,France,1736159.9,1159731.851,-0.511430952,2.37931088,41320.197,0.6679867741444784,0.3320132258555216,0.6990935691184852,-0.04594509125942203,0.023793108799999997,0.028907418319159106,-0.005114309519159109,-0.00511430952,8.408907251067355e-13
2008,FRA,France,1787460.6,1193200.592,1.290194103,2.231788148,41711.103,0.6675395205913909,0.3324604794086091,0.6970776012900837,-0.0020159678284015214,0.022317881480000003,0.009415940449866156,0.012901941030133847,0.012901941029999999,1.3384779395941848e-13
2009,FRA,France,1743573.3,1200939.289,3.188725719,1.279409855,40922.261,0.6887804997931547,0.3112195002068453,0.7944241906337987,0.09734658934371498,0.012794098549999999,-0.01909315864550898,0.03188725719550898,0.03188725719,5.508982159341258e-12
2010,FRA,France,1792597.6,1234405.986,0.728979423,1.350627979,41177.446,0.6886129859819069,0.3113870140180931,0.7936428526564732,-0.0007813379773254914,0.013506279789999999,0.006216485566628904,0.007289794223371095,0.0072897942299999996,-6.628904890282339e-12
2011,FRA,France,1845782.1,1275622.816,0.335597428,1.474668743,41649.168,0.6911015205966078,0.3088984794033922,0.805274054055755,0.011631201399281865,0.01474668743,0.011390713144885822,0.003355974285114178,0.0033559742799999996,5.1141786118480415e-12
2012,FRA,France,1866716.6,1309531.662,1.347573798,1.325347595,41639.912,0.7015160533741437,0.2984839466258563,0.8545276323958381,0.04925357834008304,0.01325347595,-0.00022226203094355412,0.013475737980943554,0.01347573798,9.435542625002569e-13
2013,FRA,France,1894345.0,1336553.095,2.059540517,1.256643624,41306.925,0.7055489338003373,0.29445106619966266,0.8738632989704392,0.019335666574601174,0.012566436240000001,-0.008028968936180547,0.020595405176180547,0.020595405169999997,6.180549128043111e-12
2014,FRA,France,1921806.4,1358923.607,1.271247818,1.236957131,41292.763,0.7071074417277412,0.2928925582722588,0.8813767763966665,0.007513477426227211,0.01236957131,-0.0003429068676101821,0.012712478177610183,0.01271247818,-2.3898175105507846e-12
2015,FRA,France,1960327.3,1378344.363,0.955766104,1.216935475,41400.748,0.7031195061151267,0.29688049388487325,0.8621971915019613,-0.01917958489470517,0.012169354750000002,0.002611693712701424,0.009557661037298578,0.00955766104,-2.7014224190935465e-12
2016,FRA,France,1983737.7,1401409.404,0.439164822,1.362875925,41784.943,0.7064489443337192,0.2935510556662808,0.8781993551753949,0.016002163673433656,0.01362875925,0.009237111025685252,0.004391648224314749,0.00439164822,4.314749078859759e-12
2017,FRA,France,2029705.8,1442945.683,1.400202505,1.549300548,41847.29,0.7109137112383479,0.2890862887616521,0.8998258393271241,0.021626484151729186,0.015493005479999999,0.001490980434539324,0.014002025045460675,0.01400202505,-4.539325512697978e-12
2018,FRA,France,2081977.9,1478317.066,0.138610795,1.644350314,42482.169,0.710054158596016,0.28994584140398405,0.8956470950784143,-0.004178744248709787,0.01644350314,0.015057395191108824,0.001386107948891175,0.00138610795,-1.1088250543439537e-12
2019,FRA,France,2150689.8,1495194.781,0.294204416,1.78119286,43118.594,0.6952163817394773,0.3047836182605227,0.8246210612369926,-0.0710260338414217,0.0178119286,0.014869884437862524,0.002942044162137475,0.0029420441600000002,2.1374746590752114e-12
2020,FRA,France,2056545.2,1444178.363,8.983625023,1.077713336,39840.947,0.7022351675032477,0.29776483249675234,0.8579643221053646,0.033343260868371916,0.01077713336,-0.0790591168758823,0.08983625023588229,0.08983625023,5.882294651371467e-12
2021,FRA,France,2212764.4,1549734.285,-6.367563868,1.657098411,43169.828,0.700361179436907,0.299638820563093,0.8490183547083227,-0.008945967397041898,0.01657098411,0.08024662279691519,-0.0636756386869152,-0.06367563868000001,-6.915190642331481e-12
2022,FRA,France,2368609.4,1663341.94,-2.372872336,1.8589312,45035.896,0.7022440846515259,0.2977559153484741,0.8580069676588076,0.00898861295048492,0.018589312,0.04231803536338852,-0.023728723363388517,-0.02372872336,-3.388518632352344e-12
2000,DEU,Germany,1915279.0,1342337.511,1.948728853,2.358625748,58546.226,0.700857426515928,0.299142573484072,0.8513841863581034,,0.02358625748,,,0.01948728853,
2001,DEU,Germany,1977509.0,1362197.167,2.605411625,1.83582091,58097.389,0.6888449898331689,0.3111550101668311,0.7947250542502537,-0.056659132107849675,0.0183582091,-0.0076959071487916475,0.02605411624879165,0.02605411625,-1.2083493927672606e-12
2002,DEU,Germany,2003527.0,1372429.909,1.944700871,0.843879869,57461.348,0.6850069447529282,0.3149930552470718,0.7768783847883701,-0.017846669461883624,0.00843879869,-0.01100821001492136,0.01944700870492136,0.01944700871,-5.0786423677617876e-12
2003,DEU,Germany,2015904.0,1383548.953,2.04568844,0.596394747,56634.57,0.6863168846333952,0.31368311536660476,0.7829561624151958,0.006077777626825709,0.00596394747,-0.014492936928382605,0.020456884398382606,0.0204568844,-1.6173937189556398e-12
2004,DEU,Germany,2069017.0,1393702.048,0.332078389,0.618753222,56797.16,0.6736058949733134,0.32639410502668664,0.7245396519879125,-0.05841651042728335,0.006187532220000001,0.0028667483313586928,0.003320783888641308,0.00332078389,-1.3586918048980046e-12
2005,DEU,Germany,2095171.0,1395816.4,1.600928852,0.730472451,56304.911,0.6662064337469352,0.3337935662530648,0.6910768463083786,-0.03346280567953386,0.00730472451,-0.008704564005995508,0.016009288515995507,0.01600928852,-4.004494652543045e-12
2006,DEU,Germany,2184869.0,1417001.17,-0.853387361,1.294695616,57527.471,0.6485520047197337,0.35144799528026627,0.612680443395184,-0.07839640291319461,0.01294695616,0.021480829764664477,-0.008533873604664477,-0.00853387361,5.335521954807909e-12
2007,DEU,Germany,2275687.0,1453086.719,-0.233318479,1.550375401,58562.791,0.6385266159186215,0.3614733840813785,0.5689749471186647,-0.04370549627651932,0.015503754009999999,0.017836938800723345,-0.0023331847907233465,-0.0023331847899999997,-7.23346729736285e-13
2008,DEU,Germany,2316889.0,1507018.348,0.559282392,1.484301088,59107.021,0.6504490927273598,0.34955090727264015,0.621013827708893,0.05203888059022832,0.01484301088,0.009250186965958918,0.005592823914041083,0.00559282392,-5.9589173873053625e-12
2009,DEU,Germany,2223746.0,1521834.661,2.87734189,0.192343866,57541.115,0.6843563343115626,0.3156436656884374,0.7738648014717804,0.15285097376288737,0.00192343866,-0.026849980242637628,0.028773418902637626,0.0287734189,2.6376262285410235e-12
2010,DEU,Germany,2341162.0,1562376.504,-1.163368214,0.628081779,58581.224,0.6673508727717261,0.3326491272282739,0.6962276912456777,-0.07763711022610265,0.00628081779,0.017914499924765792,-0.011633682134765792,-0.011633682139999999,5.23420716491696e-12
2011,DEU,Germany,2451563.0,1624409.431,-0.268459995,0.998255116,59328.001,0.6626015448103925,0.33739845518960754,0.6749092297716398,-0.02131846147403793,0.00998255116,0.012667151114294839,-0.0026845999542948387,-0.00268459995,-4.294838790164235e-12
2012,DEU,Germany,2499101.0,1686787.011,1.095987557,0.784029661,59143.211,0.6749575191238769,0.3250424808761231,0.7306938700848193,0.055784640313179534,0.00784029661,-0.0031195789549478548,0.010959875564947855,0.01095987557,-5.052144466666242e-12
2013,DEU,Germany,2555938.0,1732251.654,0.591562992,0.600348061,59148.407,0.6777361790465967,0.32226382095340333,0.743387565948214,0.012693695863394638,0.0060034806100000004,8.785068783723204e-05,0.005915629922162768,0.005915629919999999,2.1627690957592982e-12
2014,DEU,Germany,2662091.0,1795321.247,-0.259481777,0.934182407,59858.671,0.674402658286287,0.325597341713713,0.728165878560388,-0.015221687387826033,0.00934182407,0.011936641842151374,-0.002594817772151375,-0.00259481777,-2.1513749982882135e-12
2015,DEU,Germany,2753317.0,1860096.482,0.189304407,1.189536551,60460.401,0.6755838437782501,0.3244161562217499,0.7335501463637786,0.00538426780339063,0.01189536551,0.010002321439724682,0.0018930440702753185,0.0018930440700000001,2.7531839655314805e-13
2016,DEU,Germany,2852146.0,1925299.588,0.494021745,1.346877326,60978.246,0.6750354252552289,0.32496457474477114,0.7310489957516029,-0.0025011506121757066,0.01346877326,0.008528555803801297,0.004940217456198704,0.00494021745,6.1987038765809466e-12
2017,DEU,Germany,2977318.0,2001190.692,0.605967331,1.431797773,61483.908,0.6721454315595445,0.32785456844045546,0.7179046119626408,-0.0131443837889621,0.01431797773,0.008258304419914708,0.006059673310085292,0.00605967331,8.529201650508966e-14
2018,DEU,Germany,3069316.0,2087309.003,0.882605183,1.660688456,61964.17,0.6800567302291455,0.3199432697708545,0.7540325233865094,0.03612791142386862,0.01660688456,0.007780832731533849,0.008826051828466151,0.00882605183,-1.5338494363525967e-12
2019,DEU,Germany,3161673.0,2171993.097,1.396541607,1.681920139,62141.255,0.6869758817562728,0.3130241182437272,0.7860189423288875,0.03198641894237808,0.01681920139,0.002853785322971092,0.013965416067028908,0.01396541607,-2.971092122328045e-12
2020,DEU,Germany,3100097.0,2150285.336,5.699964822,0.624242056,59065.847,0.6936187274140132,0.3063812725859868,0.8170921102148158,0.031073167885928288,0.006242420560000001,-0.05075722766040869,0.05699964822040869,0.056999648220000004,4.0868697315232794e-13
2021,DEU,Germany,3294085.0,2221214.367,-1.638311627,0.612096639,60410.139,0.6743039013868798,0.3256960986131202,0.7277161678134362,-0.08937594240137958,0.0061209663899999996,0.0225040826601397,-0.016383116270139702,-0.01638311627,-1.3970075096736423e-13
2022,DEU,Germany,3591874.0,2347368.513,-0.549514286,0.907888572,61297.005,0.6535219534426875,0.3464780465573125,0.6345566672145921,-0.09315950059884404,0.009078885719999999,0.01457402858197554,-0.005495142861975541,-0.00549514286,-1.9755412583588594e-12
2000,ITA,Italy,1115546.2,678123.0209,1.794925716,2.712207914,41686.015,0.6078842999958227,0.3921157000041773,0.43842761848482803,,0.027122079139999998,,,0.01794925716,
2001,ITA,Italy,1178148.1,712422.3304,1.178673599,2.544910356,42259.453,0.6046967528106185,0.3953032471893815,0.4250739125841476,-0.013353705900680413,0.02544910356,0.013662367569720502,0.011786735990279497,0.011786735989999998,2.7949864644938316e-13
2002,ITA,Italy,1220342.3,743043.6181,1.651577429,2.497015384,42618.245,0.6088813098587175,0.39111869014128253,0.44261228594573676,0.017538373361589144,0.02497015384,0.00845437954969519,0.01651577429030481,0.01651577429,3.0480826196388477e-13
2003,ITA,Italy,1264275.0,780666.6225,1.254955984,1.940992672,42911.627,0.6174816574716735,0.3825183425283265,0.4788727571223897,0.03626047117665293,0.019409926719999998,0.006860366882316171,0.012549559837683827,0.01254955984,-2.3161732948251412e-12
2004,ITA,Italy,1312780.2,809924.8725,1.328703416,1.841113917,43132.075,0.6169539062974899,0.3830460937025101,0.47663898391985166,-0.0022337732025380364,0.01841113917,0.005124105012317415,0.013287034157682585,0.013287034159999999,-2.3174136221104646e-12
2005,ITA,Italy,1348360.1,839203.5273,1.534013991,1.835228653,43262.191,0.6223882828481797,0.3776117171518203,0.49969768254625785,0.023058698626406193,0.018352286529999998,0.003012146625074763,0.015340139904925235,0.01534013991,-5.0747652607929794e-12
2006,ITA,Italy,1394329.2,872786.2917,-0.172201136,1.862120325,44151.296,0.6259542521952491,0.37404574780475086,0.514899178601784,0.015201496055526176,0.01862120325,0.02034321460094546,-0.0017220113509454592,-0.0017220113600000002,9.054540971165093e-12
2007,ITA,Italy,1453436.5,906850.293,0.372063446,1.915234032,44837.91,0.6239352685858652,0.37606473141413477,0.5062853401591314,-0.008613838442652622,0.019152340320000003,0.015431705855659672,0.0037206344643403305,0.0037206344600000003,4.340330178598251e-12
2008,ITA,Italy,1479747.8,928918.8929,1.790184059,1.404828247,44665.457,0.6277548734318105,0.37224512656818953,0.5225971816862522,0.01631184152712084,0.01404828247,-0.003853558121656775,0.017901840591656774,0.01790184059,1.6567754113072652e-12
2009,ITA,Italy,1425773.8,922466.1941,3.895675737,0.339344907,43104.919,0.6469933688639811,0.35300663113601893,0.6058492035526132,0.08325202186636094,0.00339344907,-0.03556330829875165,0.03895675736875165,0.03895675737,-1.2483486466763338e-12
2010,ITA,Italy,1449486.7,939636.5077,0.991300231,0.453509586,42873.727,0.6482546598737332,0.3517453401262668,0.6113761645625797,0.0055269610099665245,0.00453509586,-0.005377906444552494,0.009913002304552495,0.00991300231,-5.447505294076116e-12
2011,ITA,Italy,1480015.2,950486.4099,0.272989377,0.275088543,42874.627,0.6422139515188763,0.3577860484811237,0.5849863281817232,-0.026389836380856457,0.0027508854300000002,2.099165658719926e-05,0.002729893773412801,0.0027298937699999997,3.4128012915690675e-12
2012,ITA,Italy,1455350.5,937492.2776,1.972995887,-0.510788419,41822.83,0.6441694132100824,0.35583058678991764,0.5935070177182012,0.008520689536477999,-0.00510788419,-0.024837843058067577,0.019729958868067575,0.019729958869999998,-1.93242297163998e-12
2013,ITA,Italy,1445573.7,927669.1488,1.760089772,-0.857032945,40742.474,0.6417307874375412,0.3582692125624588,0.5828841873398294,-0.010622830378371861,-0.00857032945,-0.026171227168196864,0.017600897718196864,0.017600897719999998,-1.8031340309754285e-12
2014,ITA,Italy,1453767.7,929270.9813,-0.714565334,-0.821343872,40698.993,0.6392155922160053,0.3607844077839947,0.5719612159053676,-0.010922971434461748,-0.00821343872,-0.0010677853858229724,-0.007145653334177028,-0.00714565334,5.82297144530175e-12
2015,ITA,Italy,1479703.7,943527.869,-1.334831881,-0.534982498,41025.829,0.6376464889558633,0.3623535110441367,0.5651637520762638,-0.006797463829103845,-0.00534982498,0.007998493835010834,-0.013348318815010835,-0.013348318809999999,-5.010835496532806e-12
2016,ITA,Italy,1515428.7,955802.7041,-1.782668988,-0.122150459,41712.758,0.6307144005521342,0.36928559944786576,0.5352828191443241,-0.02988093293193972,-0.00122150459,0.0166051852919189,-0.0178266898819189,-0.01782668988,-1.9188990674212647e-12
2017,ITA,Italy,1552004.0,969900.7509,-0.940168355,0.143670579,42167.316,0.6249344401818552,0.3750655598181448,0.5105459116536157,-0.024736907490708337,0.00143670579,0.010838389335736665,-0.009401683545736665,-0.00940168355,4.26333447711702e-12
2018,ITA,Italy,1582453.4,992633.6624,-0.630031388,0.352910611,42583.84,0.627275130123895,0.372724869876105,0.5205447152125556,0.009998803558939895,0.0035291061099999997,0.009829419993282684,-0.006300313883282685,-0.00630031388,-3.282684887806475e-12
2019,ITA,Italy,1604269.8,1012092.949,0.346666821,0.381800739,42598.804,0.6308745255941364,0.36912547440586363,0.535970367398745,0.01542565218618941,0.00381800739,0.00035133918017216104,0.003466668209827839,0.00346666821,-1.7216089664984224e-13
2020,ITA,Italy,1496321.9,939902.6736,12.19999522,-0.306220399,37590.976,0.628142028530091,0.37185797146990895,0.5242543167314586,-0.011716050667286426,-0.00306220399,-0.12506215617259997,0.12199995218259997,0.1219999522,-1.7400025864588997e-11
2021,ITA,Italy,1644016.4,1024752.511,-8.969865588,0.77933075,41440.389,0.6233225599209352,0.3766774400790648,0.5036749128727928,-0.020579403858665857,0.0077933075,0.0974919633815663,-0.0896986558815663,-0.08969865587999999,-1.5663026431411708e-12
2022,ITA,Italy,1793606.6,1082763.074,-2.764638934,1.42202802,43212.191,0.6036792427057305,0.3963207572942695,0.4208191251977407,-0.08285578767505208,0.0142202802,0.04186666954066354,-0.02764638934066354,-0.02764638934,-6.635386684550326e-13
2000,JPN,Japan,535696700.0,322663581.6,2.394985204,2.270435061,119475.81,0.6023251246460918,0.3976748753539082,0.41516259833690927,,0.02270435061,,,0.02394985204,
2001,JPN,Japan,528543800.0,317096130.9,3.0209619,1.993333893,118254.33,0.5999429581805708,0.40005704181942925,0.4052274395081943,-0.009935158828714985,0.01993333893,-0.010276280064461574,0.030209618994461573,0.030209619,-5.538427355622488e-12
2002,JPN,Japan,524121800.0,305058928.4,3.125623037,1.341628644,116163.386,0.5820382369136334,0.41796176308636657,0.3311461922670136,-0.0740812472411807,0.013416286440000001,-0.01783994393711197,0.03125623037711197,0.03125623037,7.111970734552386e-12
2003,JPN,Japan,524457500.0,301181322.9,1.291534327,1.399748253,116289.159,0.5742721248146894,0.42572787518531063,0.29930301750888333,-0.031843174758130255,0.01399748253,0.0010821392579174471,0.012915343272082554,0.012915343269999999,2.0825546148683927e-12
2004,JPN,Japan,530393900.0,298134639.8,1.535609539,1.323577548,116042.85,0.5621004310192859,0.43789956898071414,0.249690947289676,-0.04961207021920733,0.01323577548,-0.002120319910622115,0.015356095390622115,0.01535609539,6.221152065721824e-13
2005,JPN,Japan,534950800.0,303135851.7,0.981103766,1.330138051,116448.587,0.5666611802431176,0.4333388197568824,0.26824164372662784,0.01855069643695184,0.01330138051,0.003490342845678285,0.009811037664321716,0.00981103766,4.3217148609775435e-12
2006,JPN,Japan,536229100.0,305324284.3,-0.170838374,1.030829789,117856.354,0.5693914864001226,0.4306085135998774,0.27936886663702265,0.011127222910394807,0.01030829789,0.012016681629976489,-0.0017083837399764889,-0.0017083837399999998,2.3510924110348164e-14
2007,JPN,Japan,540420000.0,307037452.1,0.114036846,0.848965704,118725.705,0.5681459829391955,0.4318540170608045,0.27429079025131453,-0.005078076385708119,0.008489657040000001,0.007349288586150138,0.0011403684538498632,0.00114036846,-6.150136823424024e-12
2008,JPN,Japan,528343900.0,306822334.8,1.514044316,0.573167486,117613.881,0.5807246658852312,0.4192753341147688,0.32574892149565426,0.05145813124433973,0.00573167486,-0.00940876829663928,0.015140443156639281,0.01514044316,-3.36071795392634e-12
2009,JPN,Japan,495454300.0,288953664.6,4.076566653,-0.353490778,112517.244,0.5832095202322394,0.4167904797677606,0.3359628557604486,0.010213934264794333,-0.0035349077800000002,-0.04430057431484968,0.040765666534849684,0.04076566653,4.849683155061513e-12
2010,JPN,Japan,505472200.0,284702170.5,-1.186118417,-0.214790946,113615.48,0.5632400169584005,0.43675998304159946,0.25432204883963644,-0.08164080692081216,-0.0021479094600000003,0.009713274710803077,-0.011861184170803077,-0.01186118417,-8.03076355415655e-13
2011,JPN,Japan,494826500.0,284233333.3,0.020322412,-0.583322303,112931.712,0.5744100877782415,0.42558991222175846,0.2998673446077677,0.045545295768131266,-0.00583322303,-0.006036447154903257,0.00020322412490325712,0.00020322412,4.903257108061082e-12
2012,JPN,Japan,497635100.0,284095317.6,-0.301280648,-0.02401706,113245.265,0.5708908346698214,0.4291091653301786,0.28548665746692353,-0.014380687140844173,-0.0002401706,0.002772635880353036,-0.003012806480353036,-0.0030128064799999996,-3.53036176681254e-13
2013,JPN,Japan,505334200.0,286475648.3,0.588562155,0.363702351,112990.908,0.5669033449546854,0.4330966550453146,0.26922789683860326,-0.016258760628320268,0.0036370235099999998,-0.002248598036292293,0.005885621546292293,0.00588562155,-3.707706884570339e-12
2014,JPN,Japan,514630700.0,290651266.2,0.331744914,0.450360194,113125.012,0.5647763846968321,0.4352236153031679,0.26056991633325177,-0.008657980505351492,0.00450360194,0.0011861527991765541,0.003317449140823446,0.00331744914,8.234459121514437e-13
2015,JPN,Japan,534876000.0,292092119.7,0.94307252,0.500485755,112625.442,0.5460931500011217,0.4539068499988783,0.18489756481538389,-0.07567235151786789,0.00500485755,-0.004425867648329529,0.009430725198329529,0.0094307252,-1.6704710531501021e-12
2016,JPN,Japan,542415700.0,298557409.0,-0.288913716,0.361651078,113360.532,0.550421768765174,0.449578231234826,0.20237495731055793,0.01747739249517405,0.00361651078,0.006505647935718173,-0.0028891371557181727,-0.0028891371599999997,4.281827063051802e-12
2017,JPN,Japan,550565600.0,302346010.5,-0.383390345,0.368322006,114215.888,0.5491552877622575,0.4508447122377425,0.19725829573432302,-0.0051166615762349155,0.00368322006,0.007517123503452794,-0.003833903443452794,-0.0038339034500000004,6.547206353457735e-12
2018,JPN,Japan,553632000.0,310168758.1,0.225581466,0.255513277,114250.08,0.5602435518539391,0.43975644814606085,0.24215055648745074,0.044892260753127716,0.00255513277,0.0002993181046129223,0.0022558146653870776,0.00225581466,5.387077502833071e-12
2019,JPN,Japan,554957800.0,315418019.1,1.723203847,0.448577483,112803.06,0.5683639712785369,0.4316360287214631,0.2751793009927012,0.03302874450525048,0.00448577483,-0.012746263637302135,0.017232038467302136,0.01723203847,-2.697862766520842e-12
2020,JPN,Japan,537476100.0,309856787.6,3.563494348,0.152242439,109019.9559,0.5765033786618605,0.4234966213381395,0.3084356642267702,0.033256363234069,0.00152242439,-0.03411251923246539,0.03563494362246539,0.03563494348,1.4246538670992237e-10
2021,JPN,Japan,548910200.0,316083739.9,-0.415024897,0.15356043,109641.593,0.5758387071327878,0.42416129286721216,0.3057138085424256,-0.0027218556843446318,0.0015356043,0.005685853574759037,-0.004150249274759037,-0.00415024897,-3.047590365831687e-10
2022,JPN,Japan,554889900.0,322874275.0,0.049291346,0.17275349,109777.0424,0.5818708810522591,0.41812911894774085,0.3304582874260678,0.02474447888364223,0.0017275349,0.0012346209059082014,0.0004929139940917987,0.00049291346,5.340917986736485e-10
2000,GBR,United Kingdom,991522.0,555598.8317,5.036664962,3.197600281,41939.91737,0.5603494745451941,0.4396505254548059,0.2425804997810576,,0.03197600281,,,0.050366649619999995,
2001,GBR,United Kingdom,1035524.0,593778.3637,1.583128784,2.703330045,42412.37012,0.5734085967104577,0.42659140328954226,0.2957718917106274,0.05319139192956979,0.02703330045,0.01120201252459907,0.01583128792540093,0.01583128784,8.540092938380539e-11
2002,GBR,United Kingdom,1075364.0,605903.9703,2.756313348,2.352585599,42241.4848,0.5634408165979148,0.4365591834020852,0.25513834739603336,-0.04063354431459404,0.02352585599,-0.004037277505556602,0.027563133495556603,0.027563133479999998,1.5556604615607483e-11
2003,GBR,United Kingdom,1137060.0,643704.7428,1.523514156,1.921970479,42410.13444,0.5661132594586038,0.4338867405413962,0.2660106296871294,0.010872282291096047,0.01921970479,0.003984563193190738,0.015235141596809262,0.01523514156,3.680926223548209e-11
2004,GBR,United Kingdom,1193919.0,694998.8787,0.823807749,1.917546604,42876.53652,0.5821156030685499,0.4178843969314501,0.3314642267995668,0.06545359711243737,0.01917546604,0.010937388556584438,0.008238077483415561,0.00823807749,-6.584439590784363e-12
2005,GBR,United Kingdom,1264406.0,737146.9032,-0.115171525,2.422551888,43978.54829,0.5829985805192319,0.4170014194807681,0.33509512573699246,0.003630898937425686,0.02422551888,0.025377234123777015,-0.0011517152437770135,-0.00115171525,6.22298653579767e-12
2006,GBR,United Kingdom,1331969.0,774517.2833,2.778319572,2.464983854,43840.96346,0.5814829649188532,0.4185170350811468,0.3288640822697036,-0.006231043467288866,0.024649838540000003,-0.003133357037057749,0.027783195577057752,0.02778319572,-1.4294224831568059e-10
2007,GBR,United Kingdom,1397250.0,831084.7443,1.437204598,2.787191693,44436.82377,0.5948003179817499,0.4051996820182501,0.38384576156703537,0.054981679297331776,0.02787191693,0.013499870763077126,0.014372046166922874,0.014372045980000001,1.8692287301336208e-10
2008,GBR,United Kingdom,1450640.0,860244.612,1.182914506,2.26340901,44919.56451,0.5930104036838912,0.40698959631610876,0.3764243197597866,-0.007421441807248796,0.0226340901,0.010804945137579125,0.011829144962420875,0.011829145059999999,-9.757912360075505e-11
2009,GBR,United Kingdom,1420781.0,841385.7141,4.019446319,0.797536466,43495.36308,0.5921994410820527,0.4078005589179473,0.37306524315954964,-0.003359076600236932,0.007975364660000001,-0.03221909848168103,0.04019446314168103,0.04019446319,-4.831897382207018e-11
2010,GBR,United Kingdom,1456269.0,872314.1424,0.764232493,1.012953394,43603.67978,0.5990061880051007,0.40099381199489925,0.40132593286818624,0.0282606897086366,0.01012953394,0.0024872088666505476,0.007642325073349452,0.00764232493,1.4334945210026095e-10
2011,GBR,United Kingdom,1491648.0,876660.2957,1.184218707,0.963387839,43507.49564,0.5877125807831338,0.4122874192168662,0.35451729461641157,-0.04680863825177467,0.00963387839,-0.0022083086038975352,0.011842186993897535,0.011842187070000001,-7.610246634259799e-11
2012,GBR,United Kingdom,1539594.0,897397.4613,-1.239068576,0.928880128,44461.01438,0.582879292397866,0.41712070760213404,0.33460447270066257,-0.019912821915749,0.00928880128,0.021679487026752042,-0.012390685746752042,-0.012390685759999999,1.324795655122113e-11
2013,GBR,United Kingdom,1597544.0,942174.9872,-1.668527257,1.218422652,45763.28916,0.589764655746571,0.410235344253429,0.36299256336579355,0.028388090665130983,0.01218422652,0.02886949914457837,-0.01668527262457837,-0.01668527257,-5.4578369601543386e-11
2014,GBR,United Kingdom,1673299.0,965912.3042,-0.085239437,1.839760336,46652.76612,0.5772502727844815,0.4227497272155185,0.31149557827659435,-0.0514969850891992,0.01839760336,0.019249997727401436,-0.000852394367401435,-0.0008523943700000001,2.5985650263515847e-12
2015,GBR,United Kingdom,1720591.0,1001512.225,0.783025134,2.262839026,47348.27365,0.5820745458973109,0.4179254541026891,0.3312954481102401,0.019799869833645733,0.02262839026,0.014798138909815961,0.007830251350184038,0.00783025134,1.018403764097009e-11
2016,GBR,United Kingdom,1787743.0,1057800.186,-0.468923064,2.813587609,48928.27579,0.591695890292956,0.408304109707044,0.3709805403808727,0.039685092270632605,0.028135876089999998,0.032825106758409106,-0.004689230668409108,-0.00468923064,-2.8409108399074512e-11
2017,GBR,United Kingdom,1871505.0,1084181.83,3.038002402,2.735344322,48780.41428,0.5793101434407069,0.42068985655929314,0.31994210833142683,-0.05103843204944586,0.02735344322,-0.003026580803897616,0.030380024023897615,0.03038002402,3.897614869741162e-12
2018,GBR,United Kingdom,1939546.0,1125293.751,0.780436513,1.849316931,49304.61512,0.5801841002997609,0.41981589970023914,0.3235291863512196,0.0035870780197927443,0.018493169309999998,0.010688804072326974,0.007804365237673024,0.007804365130000001,1.076730232751899e-10
2019,GBR,United Kingdom,2014747.0,1172920.959,1.139885595,1.884360433,49673.04531,0.5821678647492713,0.4178321352507287,0.3316790719919854,0.008149885640765797,0.01884360433,0.00744474844247911,0.01139885588752089,0.01139885595,-6.247911042700505e-11
2020,GBR,United Kingdom,1918391.0,1026495.83,24.33736102,0.926516398,39305.08862,0.5350816543655594,0.46491834563444057,0.14055757085076914,-0.19112150114121623,0.00926516398,-0.2341084461732894,0.2433736101532894,0.2433736102,-4.671060760408352e-11
2021,GBR,United Kingdom,2086257.0,1220659.597,-19.0344982,1.695331894,48358.99737,0.5850955069293956,0.4149044930706044,0.3437267370490017,0.20316916619823255,0.01695331894,0.2072983009832381,-0.1903449820432381,-0.19034498200000002,-4.323807978323657e-11
2022,GBR,United Kingdom,2322457.0,1303150.341,-0.340446728,2.214428206,49610.42743,0.5611084902756004,0.4388915097243996,0.24566202206125098,-0.09806471498775071,0.02214428206,0.025548749177712438,-0.0034044671177124383,-0.0034044672799999997,1.6228756142752654e-10
2000,USA,United States,10251000.0,6606357.505,3.277196266,4.700709494,261282.8,0.6444598092868988,0.35554019071310117,0.5947741640125271,,0.04700709494,,,0.03277196266,
2001,USA,United States,10581900.0,6800512.262,4.798924346,3.371412597,257578.0,0.6426551245050511,0.35734487549494887,0.5869068732796635,-0.00786729073286363,0.03371412597,-0.014280758781099578,0.04799488475109958,0.04798924346,5.641291099582613e-06
2002,USA,United States,10929100.0,6880810.558,3.933637623,2.608305907,254191.6,0.6295862017915473,0.37041379820845266,0.5304420267692181,-0.056464846510445366,0.02608305907,-0.013234273493601734,0.03931733256360173,0.03933637623,-1.9043666398266268e-05
2003,USA,United States,11456500.0,7123372.092,3.203498935,2.68365807,252874.6,0.6217755939423035,0.37822440605769647,0.4970915599101976,-0.033350466859020544,0.026836580699999998,-0.005194599685317769,0.03203118038531777,0.03203498935,-3.8089646822309087e-06
2004,USA,United States,12217200.0,7540545.018,1.680601488,2.991799435,256210.0,0.6172072993812003,0.38279270061879966,0.4777113560219802,-0.019380203888217373,0.029917994349999998,0.013103707029685552,0.016814287320314446,0.01680601488,8.272440314444768e-06
2005,USA,United States,13039200.0,7930475.212,1.649252922,3.082006141,259903.0,0.6082025900361986,0.3917974099638014,0.439763138880693,-0.03794821714128721,0.03082006141,0.014311063774790966,0.016508997635209032,0.01649252922,1.6468415209032472e-05
2006,USA,United States,13815600.0,8379984.015,1.67089792,3.389794331,264406.1,0.6065595424737253,0.39344045752627466,0.43287315611668725,-0.006889982764005764,0.03389794331,0.017177694333843974,0.016720248976156024,0.0167089792,1.1269776156022648e-05
2007,USA,United States,14474200.0,8840062.344,2.146710022,3.137953713,267052.8,0.6107461789943486,0.3892538210056514,0.45044982687283125,0.017576670756143997,0.031379537129999996,0.009960212842942795,0.0214193242870572,0.02146710022,-4.7775932942799304e-05
2008,USA,United States,14769900.0,8991381.701,3.691548778,2.433633112,263714.5,0.608763884725015,0.39123611527498503,0.4421192296102839,-0.008330597262547368,0.02433633112,-0.012579313083859844,0.03691564420385984,0.03691548778,1.5642385984421248e-07
2009,USA,United States,14478100.0,8615591.46,7.235521279,1.042885066,247887.1,0.5950774935937727,0.4049225064062273,0.38499593180759795,-0.057123297802685935,0.010428850659999999,-0.061893677999439234,0.07232252865943924,0.07235521279,-3.268413056076169e-05
2010,USA,United States,15049000.0,8801306.38,1.208533388,1.46703172,248524.4,0.5848432706492126,0.4151567293507874,0.3426877878955605,-0.042308143912037466,0.0146703172,0.0025676292758252117,0.012102687924174788,0.01208533388,1.7354044174787767e-05
2011,USA,United States,15599700.0,9126818.25,0.214740041,1.881576311,252698.4,0.5850637031481375,0.4149362968518625,0.34359572868727567,0.0009079407917151894,0.018815763109999998,0.0166556529043298,0.0021601102056701994,0.00214740041,1.2709795670199503e-05
2012,USA,United States,16254000.0,9490963.142,0.422551504,2.187020986,257194.8,0.583915537221607,0.41608446277839295,0.3388680691460658,-0.00472765954120985,0.02187020986,0.01763709167410532,0.004233118185894679,0.00422551504,7.603145894679274e-06
2013,USA,United States,16880700.0,9790694.171,0.633572808,2.263992569,261424.7,0.5799933753339612,0.4200066246660388,0.3227461974698381,-0.016121871676227695,0.02263992569,0.01631251349764362,0.006327412192356378,0.00633572808,-8.315887643621858e-06
2014,USA,United States,17608100.0,10212620.92,0.676238601,2.399720578,265968.2,0.5799956224692046,0.42000437753079545,0.32275542212962577,9.224659787643308e-06,0.023997205780000003,0.017230464835648718,0.006766740944351285,0.0067623860099999995,4.354934351285394e-06
2015,USA,United States,18295000.0,10691732.02,0.546953927,2.288429427,270641.5,0.5844073254987702,0.41559267450122983,0.34089258212529155,0.018137159995665786,0.02288429427,0.017418314112084943,0.005465980157915058,0.0054695392700000005,-3.559112084942223e-06
2016,USA,United States,18804900.0,10944213.83,1.064336843,2.205579822,273747.5,0.581987345319571,0.41801265468042903,0.330936997636292,-0.00995558448899958,0.02205579822,0.011411081793852418,0.010644716426147581,0.01064336843,1.34799614758159e-06
2017,USA,United States,19612100.0,11439668.86,0.978779807,2.534493393,277536.7,0.583296478194584,0.41670352180541603,0.33632060596608,0.005383608329788014,0.02534493393,0.013747028025264285,0.011597905904735716,0.00978779807,0.0018101078347357163
2018,USA,United States,20656500.0,12054170.44,1.068982058,2.88209039,282685.6,0.5835533822283543,0.4164466177716457,0.33737764901743184,0.001057043051351847,0.0288209039,0.018382149318549423,0.010438754581450577,0.01068982058,-0.00025106599854942367
2019,USA,United States,21540000.0,12535157.28,1.942983428,2.855914956,285085.6,0.5819478774373259,0.4180521225626741,0.3307747661761056,-0.006602882841326263,0.02855914956,0.008454160036816205,0.020104989523183795,0.01942983428,0.0006751552431837962
2020,USA,United States,21375300.0,12641109.6,9.414954071,2.276786229,267004.6,0.5913886401594364,0.4086113598405636,0.3697089149876155,0.03893414881150992,0.02276786229,-0.06552359933328766,0.08829146162328766,0.09414954071000001,-0.005858079086712348
2021,USA,United States,23725600.0,13707406.94,-1.785468513,2.678071245,278339.5,0.5777475359948747,0.4222524640051253,0.3135335932275137,-0.056175321760101815,0.02678071245,0.04157570490967366,-0.01479499245967366,-0.017854685130000002,0.0030596926703263423
