country_id;country_name;year;gva_nom_nc;lctot_nom_nc;gva_ph_real_nc;gva_ph_nom_nc;lc_ph_nom_nc;ulc_index;ulc_nom_nc
CAN;Canada;1970;84959,56;;;;3,454504318;;
CAN;Canada;1971;92687,703;;;;3,72731587;;
CAN;Canada;1972;103203,9;;;;4,064363544;;
CAN;Canada;1973;121306,337;;;;4,440928915;;
CAN;Canada;1974;145057,364;;;;5,130173698;;
CAN;Canada;1975;166852,363;;;;5,956930828;;
CAN;Canada;1976;191258,801;;;;6,867194382;;
CAN;Canada;1977;211519,401;;;;7,521343547;;
CAN;Canada;1978;235368,433;;;;7,94956237;;
CAN;Canada;1979;270074,639;;;;8,522073789;;
CAN;Canada;1980;306043,687;;;;9,33016462;;
CAN;Canada;1981;345593;;;;10,53309008;;
CAN;Canada;1982;364857;;;;11,84553996;;
CAN;Canada;1983;398071;;;;12,41394153;;
CAN;Canada;1984;436590;;;;12,97248332;;
CAN;Canada;1985;471406;;;;13,50828968;;
CAN;Canada;1986;492390;;;;13,90910817;;
CAN;Canada;1987;535697;;;;14,56423237;;
CAN;Canada;1988;581959;;;;15,44255416;;
CAN;Canada;1989;620489;;;;16,31325087;;
CAN;Canada;1990;645643;;;;17,17698791;;
CAN;Canada;1991;650460;;;;18,27308433;;
CAN;Canada;1992;665067;;;;18,96385221;;
CAN;Canada;1993;691657;;;;19,27059326;;
CAN;Canada;1994;734659;;;;19,3481799;;
CAN;Canada;1995;771273;;;;19,62611086;;
CAN;Canada;1996;798481;;;;19,88094146;;
CAN;Canada;1997;840501;519060,8157;50,89626633;33,23883313;20,52701405;103,7889405;0,617561211
CAN;Canada;1998;870793;549049,7205;51,79475424;33,77036341;21,29278553;105,9663105;0,63051692
CAN;Canada;1999;933726;575950,3426;53,13879295;35,31647648;21,78426726;103,6660753;0,616830144
CAN;Canada;2000;1027448;621691,0389;54,9036883;38,13005214;23,07183597;101,6917742;0,605082728
CAN;Canada;2001;1065641;642719,1951;55,70643446;39,4763407;23,80933346;101,3634578;0,603129192
CAN;Canada;2002;1105076;665444,0374;56,71562067;40,37853534;24,31475806;101,2023178;0,602170382
CAN;Canada;2003;1165458;692207,0862;56,90524785;41,92031982;24,89797353;99,81837183;0,593935677
CAN;Canada;2004;1241734;729985,749;57,49129258;43,6872062;25,68266468;98,79998465;0,587876106
CAN;Canada;2005;1323877;769331,1301;58,71283608;46,13001832;26,80706676;97,66450133;0,581119794
CAN;Canada;2006;1395911;816511,2106;59,55248242;47,98833053;28,06984819;98,30497349;0,584930709
CAN;Canada;2007;1473053;867263,0695;59,53671553;49,63690211;29,22383111;98,94720897;0,588752115
CAN;Canada;2008;1555048;904361,6663;59,45386915;51,76386327;30,10405701;97,73934278;0,581565113
CAN;Canada;2009;1469122;897319,7475;59,54245743;50,54333008;30,87117897;102,6503492;0,610786407
CAN;Canada;2010;1559055;922018,4732;60,02023861;52,33772521;30,95230732;99,3915021;0,591395732
CAN;Canada;2011;1662363;968633,1051;61,17627614;55,04424846;32,07342879;97,92746492;0,582684471
CAN;Canada;2012;1710425;1010638,47;61,22751668;55,60801423;32,85709599;99,30311182;0,590869795
CAN;Canada;2013;1781916;1051808,816;62,2021276;57,39557523;33,87879789;99,20205008;0,590268462
CAN;Canada;2014;1867754;1088482,006;63,97824602;60,14376382;35,05033569;97,94282963;0,582775893
CAN;Canada;2015;1856816;1119193,864;63,89612582;59,22698982;35,69900495;101,2995506;0,602748934
CAN;Canada;2016;1886105;1116677,772;64,26470426;59,87018353;35,44643758;99,50228934;0,592054934
CAN;Canada;2017;1991536;1160602,32;65,21951257;62,22171789;36,26079074;97,94140756;0,582767432
CAN;Canada;2018;2083380;1220996,238;65,48248489;63,5268091;37,2308436;98,4956166;0,586065067
CAN;Canada;2019;2161925;1271415,908;65,755367;64,89207401;38,162663;98,83666561;0,588094364
CAN;Canada;2020;2083991;1240008,811;70,95409427;70,95409427;42,21884934;100;0,595016394
CAN;Canada;2021;2366372;1359409,908;68,10139986;72,97647403;41,92280076;96,5469328;0,574470078
CAN;Canada;2022;2674953;1484029,183;67,97277258;78,62168792;43,61829136;93,23894563;0,554787012
CAN;Canada;2023;2766632;1577347,684;67,04196085;78,63326473;44,8314044;95,81800067;0,570132813
DEU;Germany;1970;366715,406;;;;;;
DEU;Germany;1971;406363,054;;;;;;
DEU;Germany;1972;444085,184;;;;;;
DEU;Germany;1973;496862,385;;;;;;
DEU;Germany;1974;540698,878;;;;;;
DEU;Germany;1975;565663,046;;;;;;
DEU;Germany;1976;613294,273;;;;;;
DEU;Germany;1977;654349,463;;;;;;
DEU;Germany;1978;695652,38;;;;;;
DEU;Germany;1979;753755,721;;;;;;
DEU;Germany;1980;806048,728;;;;;;
DEU;Germany;1981;844266,313;;;;;;
DEU;Germany;1982;880592,161;;;;;;
DEU;Germany;1983;918674,622;;;;;;
DEU;Germany;1984;963749,752;;;;;;
DEU;Germany;1985;1010131,082;;;;;;
DEU;Germany;1986;1067097,128;;;;;;
DEU;Germany;1987;1094234,541;;;;;;
DEU;Germany;1988;1156346,562;;;;;;
DEU;Germany;1989;1231790,822;;;;;;
DEU;Germany;1990;1338088,407;;;;;;
DEU;Germany;1991;1446372;998465,0341;35,86798497;23,95085158;16,53384319;99,52496751;0,690323813
DEU;Germany;1992;1552925;1086369,063;36,81489808;25,86843687;18,09660448;100,857012;0,699563123
DEU;Germany;1993;1592408;1121625,327;37,4805982;27,3316741;19,25128353;101,5482974;0,704358008
DEU;Germany;1994;1657667;1157764,828;38,4158149;28,52193212;19,92058106;100,6936885;0,698430281
DEU;Germany;1995;1719432;1204766,743;39,07606022;29,55956484;20,71171216;101,0176254;0,700677167
DEU;Germany;1996;1743857;1219362,42;39,72745542;30,23182587;21,13909132;100,8094226;0,699233034
DEU;Germany;1997;1779970;1229536,576;40,81401788;31,06311968;21,45723906;99,58821757;0,690762527
DEU;Germany;1998;1828375;1256355,739;41,32685496;31,59677171;21,71151184;99,0664369;0,687143359
DEU;Germany;1999;1868803;1292471,315;41,80127964;32,05123566;22,16675738;99,7095096;0,691603831
DEU;Germany;2000;1915279;1342337,511;42,92229921;32,71396178;22,92782306;101,0436136;0,700857426
DEU;Germany;2001;1977509;1362197,167;44,10232911;34,03782914;23,44678807;99,31176349;0,68884499
DEU;Germany;2002;2003527;1372429,909;44,61747434;34,86738599;23,88440154;98,75842703;0,685006945
DEU;Germany;2003;2015904;1383548,953;45,02249739;35,59493786;24,42940685;98,94728291;0,686316884
DEU;Germany;2004;2069017;1393702,048;45,60317875;36,42817704;24,53823479;97,11472144;0,673605895
DEU;Germany;2005;2095171;1395816,4;46,40930451;37,21115908;24,79031358;96,04793059;0,666206434
DEU;Germany;2006;2184869;1417001,17;47,2121394;37,97957675;24,63173064;93,50266642;0,648552005
DEU;Germany;2007;2275687;1453086,719;47,93381227;38,85892324;24,81245675;92,05729182;0,638526616
DEU;Germany;2008;2316889;1507018,348;47,94352045;39,19820287;25,49643549;93,7761723;0,650449093
DEU;Germany;2009;2223746;1521834,661;46,18807196;38,64620976;26,44777844;98,66462759;0,684356334
DEU;Germany;2010;2341162;1562376,504;47,45303683;39,96437493;26,67026049;96,212926;0,667350873
DEU;Germany;2011;2451563;1624409,431;48,61145145;41,32219119;27,38014771;95,52820861;0,662601545
DEU;Germany;2012;2499101;1686787,011;49,00969445;42,2550781;28,52038269;97,30958704;0,674957519
DEU;Germany;2013;2555938;1732251,654;49,23076136;43,21228803;29,28653097;97,71019038;0,677736179
DEU;Germany;2014;2662091;1795321,247;49,73937961;44,4729386;29,99266801;97,22959195;0,674402658
DEU;Germany;2015;2753317;1860096,482;49,95194293;45,53917861;30,76553333;97,39988517;0,675583844
DEU;Germany;2016;2852146;1925299,588;50,67162279;46,77317219;31,57354819;97,3208189;0,675035425
DEU;Germany;2017;2977318;2001190,692;51,71205903;48,42434544;32,54820257;96,90416438;0,672145432
DEU;Germany;2018;3069316;2087309,003;51,93663854;49,53372247;33,68574133;98,04474754;0,68005673
DEU;Germany;2019;3161673;2171993,097;52,1428378;50,87880829;34,9525142;99,04229152;0,686975882
DEU;Germany;2020;3100097;2150285,336;52,48544053;52,48544053;36,40488446;100;0,693618727
DEU;Germany;2021;3294085;2221214,367;53,40098522;54,52867771;36,76890012;97,21535403;0,674303901
DEU;Germany;2022;3591874;2347368,513;53,77135686;58,59787114;38,29499521;94,21919099;0,653521953
DEU;Germany;2023;3853937;2503182,414;53,31000813;62,66971224;40,70479657;93,64122313;0,64951306
FRA;France;1950;13716;;;;;;
FRA;France;1951;17187;;;;;;
FRA;France;1952;19937;;;;;;
FRA;France;1953;20663;;;;;;
FRA;France;1954;22007;;;;;;
FRA;France;1955;23745;;;;;;
FRA;France;1956;26240;;;;;;
FRA;France;1957;29552;;;;;;
FRA;France;1958;34100;;;;;;
FRA;France;1959;36989;;;;;;
FRA;France;1960;41191;;;;;;
FRA;France;1961;44658;;;;;;
FRA;France;1962;50060;;;;;;
FRA;France;1963;55984;;;;;;
FRA;France;1964;61965;;;;;;
FRA;France;1965;67107;;;;;;
FRA;France;1966;72782;;;;;;
FRA;France;1967;78991;;;;;;
FRA;France;1968;87128;;;;;;
FRA;France;1969;98864;;;;;;
FRA;France;1970;109837,8;87057,61464;18,22246431;2,648229438;2,098990857;112,8683985;0,792601587
FRA;France;1971;122675,7;97151,97558;19,11160965;2,94452581;2,331892132;112,7743978;0,791941481
FRA;France;1972;136596,1;107335,4158;20,27243239;3,343167814;2,627017224;111,8979599;0,785786826
FRA;France;1973;157791,7;122096,4825;21,37628977;3,835397378;2,967764013;110,1885384;0,773782667
FRA;France;1974;184130,1;144689,9882;22,76762535;4,505766855;3,540645191;111,9002656;0,785803018
FRA;France;1975;208003,5;170040,2957;22,9618078;5,203664239;4,253931332;116,4122368;0,817487666
FRA;France;1976;239186;196056,5726;23,27242733;5,848918769;4,794256216;116,724783;0,819682475
FRA;France;1977;271916,7;221405,7414;24,56357584;6,726495404;5,476988732;115,9499119;0,814241058
FRA;France;1978;307504,8;249625,9404;25,67183761;7,691936138;6,24415226;115,5993095;0,811779004
FRA;France;1979;349342;282356,3851;26,33690202;8,697468768;7,029746897;115,0970615;0,808252043
FRA;France;1980;398292,9;322945,1678;26,92566848;9,921333359;8,04444836;115,4632163;0,810823311
FRA;France;1981;449948,7;365686,4794;27,6076723;11,34731918;9,222298455;115,7346299;0,812729272
FRA;France;1982;515303,5;419320,9412;29,37471014;13,51328104;10,99624149;115,8779717;0,813735869
FRA;France;1983;572073,1;460081,1751;30,10663199;15,17867931;12,20722424;114,5250163;0,80423494
FRA;France;1984;622185;492946,9275;30,91222127;16,67000682;13,20737183;112,8231063;0,792283529
FRA;France;1985;665425,5;519277,6737;32,09626048;18,23278428;14,22830626;111,1265;0,780369363
FRA;France;1986;719530,6;544408,1401;32,69780399;19,66675251;14,88017348;107,7439187;0,756615688
FRA;France;1987;755924,5;565730,3166;32,87103939;20,33075908;15,21544383;106,5733104;0,748395265
FRA;France;1988;816665,4;595438,0749;33,83056078;21,62419205;15,76639256;103,8268961;0,729108978
FRA;France;1989;882142;629631,3992;35,10515978;23,15467825;16,52671845;101,6401513;0,713752887
FRA;France;1990;933938,3;666630,503;35,88930471;24,34444346;17,37668172;101,6446257;0,713784308
FRA;France;1991;969973,2;693834,8705;36,43180255;25,33777096;18,12444822;101,8623785;0,715313444
FRA;France;1992;1009419,1;713657,2173;37,39684635;26,58511751;18,79562313;100,6782294;0,706997933
FRA;France;1993;1021961,9;722195,2083;37,8537913;27,32679999;19,31117394;100,6322824;0,706675277
FRA;France;1994;1049150,1;732817,7017;38,48499303;27,94386075;19,51842335;99,46625125;0,698486996
FRA;France;1995;1085115,5;755056,7159;39,54112655;28,98035992;20,16542515;99,08799321;0,695830735
FRA;France;1996;1110431,3;773119,3904;39,98651551;29,55705723;20,57861128;99,14533766;0,696233428
FRA;France;1997;1149286,3;791993,4186;40,70231649;30,37527216;20,9321347;98,13202664;0,689117602
FRA;France;1998;1199979,9;817113,9384;41,64375385;31,34514456;21,34415295;96,96747177;0,680939688
FRA;France;1999;1243960,6;850237,2882;42,15896952;31,80891361;21,74114232;97,3309467;0,683492137
FRA;France;2000;1319254,3;896281,0577;43,33426112;33,29961776;22,62324757;96,74602379;0,679384602
FRA;France;2001;1373817,1;932213,4996;44,06795252;34,61259782;23,48662784;96,62820126;0,678557211
FRA;France;2002;1417481,7;968625,7992;45,29548546;36,33377645;24,8284216;97,3096693;0,683342719
FRA;France;2003;1457776,7;997898,4016;45,57353477;37,26276083;25,50764426;97,47937762;0,684534471
FRA;France;2004;1521910;1033416,287;46,17285602;38,23818669;25,96471862;96,69494182;0,679025887
FRA;France;2005;1579667,7;1072227,728;46,61402953;39,38293161;26,73186981;96,65820399;0,678767901
FRA;France;2006;1649439,9;1118479,734;47,84849531;41,08927182;27,86249914;96,5626217;0,678096688
FRA;France;2007;1736159,9;1159731,851;47,71700871;42,01722223;28,06694873;95,12294528;0,667986774
FRA;France;2008;1787460,6;1193200,592;47,56894345;42,8533525;28,60630638;95,05925529;0,667539521
FRA;France;2009;1743573,3;1200939,289;47,21578067;42,60696397;29,34684593;98,08402249;0,6887805
FRA;France;2010;1792597,6;1234405,986;47,76523051;43,5334819;29,97772097;98,06016817;0,688612986
FRA;France;2011;1845782,1;1275622,816;48,42112092;44,31738228;30,62781029;98,41454155;0,691101521
FRA;France;2012;1866716,6;1309531,662;48,62414215;44,82998427;31,44895363;99,89759639;0,701516053
FRA;France;2013;1894345;1336553,095;49,42022917;45,86022804;32,35663501;100,4718884;0,705548934
FRA;France;2014;1921806,4;1358923,607;50,03025106;46,540998;32,90948604;100,6938238;0,707107442
FRA;France;2015;1960327,3;1378344,363;50,30865867;47,35004546;33,29274058;100,125932;0,703119506
FRA;France;2016;1983737,7;1401409,404;50,18490512;47,47494091;33,5386219;100,6000521;0,706448944
FRA;France;2017;2029705,8;1442945,683;51,08984118;48,50268201;34,48122167;101,2358458;0,710913711
FRA;France;2018;2081977,9;1478317,066;51,14303133;49,00827686;34,79853078;101,1134434;0,710054158
FRA;France;2019;2150689,8;1495194,781;51,44930746;49,87847702;34,67633432;99,0005078;0,695216382
FRA;France;2020;2056545,2;1444178,363;51,61888346;51,61888346;36,24859527;100;0,702235167
FRA;France;2021;2212764,4;1549734,285;50,75541417;51,2571975;35,89855131;99,73313956;0,70036118
FRA;France;2022;2368609,4;1663341,94;50,09934076;52,59381095;36,93369263;100,0012699;0,702244085
FRA;France;2023;2538450,4;1751149,409;50,37194149;55,56320709;38,33026529;98,23628834;0,689849764
GBR;United Kingdom;1970;54995,484;;;;;;
GBR;United Kingdom;1971;61837,672;;;;;;
GBR;United Kingdom;1972;69964,054;;;;;;
GBR;United Kingdom;1973;81538,927;;;;;;
GBR;United Kingdom;1974;93630,902;;;;;;
GBR;United Kingdom;1975;117252,089;;;;;;
GBR;United Kingdom;1976;138512,641;;;;;;
GBR;United Kingdom;1977;160052,863;;;;;;
GBR;United Kingdom;1978;184282,472;;;;;;
GBR;United Kingdom;1979;215024,375;;;;;;
GBR;United Kingdom;1980;250164,501;;21,59735605;6,181446831;;;
GBR;United Kingdom;1981;275566,094;;22,75438805;7,273705293;;;
GBR;United Kingdom;1982;299263,764;;23,4667815;7,975256132;;;
GBR;United Kingdom;1983;327579,159;;24,50945055;8,818438666;;;
GBR;United Kingdom;1984;350386,142;;24,4551689;9,139425136;;;
GBR;United Kingdom;1985;384050,352;;24,56768159;9,727691171;;;
GBR;United Kingdom;1986;410424,777;;25,29221548;10,34369835;;;
GBR;United Kingdom;1987;451501,991;;25,96240586;11,19605997;;;
GBR;United Kingdom;1988;503796,696;;25,6982466;11,79205682;;;
GBR;United Kingdom;1989;554629,219;;25,72310741;12,70799613;;;
GBR;United Kingdom;1990;600895,011;;26,09004513;13,82114072;;;
GBR;United Kingdom;1991;628953,909;;26,68575464;14,92291257;;;
GBR;United Kingdom;1992;656132,704;;28,28754002;16,24543613;;;
GBR;United Kingdom;1993;693122,49;;29,64878871;17,35173491;;;
GBR;United Kingdom;1994;734051,282;405449,1377;30,64780054;18,12739726;10,01256693;103,2261948;0,552344431
GBR;United Kingdom;1995;775590;424501,998;31,30265137;18,94173766;10,36734033;102,288657;0,547327838
GBR;United Kingdom;1996;830293;442017,641;31,91369667;20,08945274;10,69489025;99,49200078;0,532363444
GBR;United Kingdom;1997;867029;482167,7696;32,65565639;20,60929369;11,46113587;103,930853;0,556114928
GBR;United Kingdom;1998;904094;494284,6899;33,49102961;21,33480331;11,66412634;102,1747327;0,54671825
GBR;United Kingdom;1999;939664;530720,986;34,22514976;21,99672685;12,42372227;105,5537364;0,564798679
GBR;United Kingdom;2000;991522;555598,8317;36,46035312;23,64148673;13,24749467;104,7222363;0,560349475
GBR;United Kingdom;2001;1035524;593778,3637;36,92645913;24,41561264;14,00012218;107,1628212;0,573408597
GBR;United Kingdom;2002;1075364;605903,9703;37,6404305;25,45753316;14,34381327;105,299969;0,563440817
GBR;United Kingdom;2003;1137060;643704,7428;38,67967198;26,81104446;15,17808777;105,7994148;0,566113259
GBR;United Kingdom;2004;1193919;694998,8787;39,05750027;27,84550938;16,20930549;108,7900507;0,582115603
GBR;United Kingdom;2005;1264406;737146,9032;39,23906905;28,75051699;16,7615106;108,955068;0,582998581
GBR;United Kingdom;2006;1331969;774517,2833;40,28663968;30,38183687;17,66652058;108,6718186;0,581482965
GBR;United Kingdom;2007;1397250;831084,7443;40,91157589;31,44351646;18,70261359;111,1606636;0,594800318
GBR;United Kingdom;2008;1450640;860244,612;40,54554764;32,29416883;19,15077809;110,8261512;0,593010404
GBR;United Kingdom;2009;1420781;841385,7141;39,97152915;32,66511415;19,34426234;110,6745926;0,592199441
GBR;United Kingdom;2010;1456269;872314,1424;40,83626395;33,3978464;20,00551666;111,9466876;0,599006188
GBR;United Kingdom;2011;1491648;876660,2957;41,28930646;34,28485087;20,14963819;109,8360551;0,587712581
GBR;United Kingdom;2012;1539594;897397,4613;41,09680484;34,62795488;20,18391784;108,9327745;0,582879292
GBR;United Kingdom;2013;1597544;942174,9872;40,58487699;34,90885444;20,58800852;110,2195619;0,589764656
GBR;United Kingdom;2014;1673299;965912,3042;41,09881058;35,86709083;20,70428797;107,8807819;0,577250273
GBR;United Kingdom;2015;1720591;1001512,225;41,25956565;36,33904401;21,15203255;108,7823776;0,582074546
GBR;United Kingdom;2016;1787743;1057800,186;40,87236298;36,53803391;21,6194045;110,5804853;0,59169589
GBR;United Kingdom;2017;1871505;1084181,83;42,28229109;38,36591033;22,22576101;108,2657457;0,579310143
GBR;United Kingdom;2018;1939546;1125293,751;42,45037185;39,3380213;22,8232945;108,4290772;0,5801841
GBR;United Kingdom;2019;2014747;1172920,959;42,70732579;40,56016673;23,61282567;108,7998177;0,582167865
GBR;United Kingdom;2020;1918391;1026495,83;48,80770067;48,80770067;26,11610523;100;0,535081655
GBR;United Kingdom;2021;2086257;1220659,597;43,09899565;43,14103091;25,24162335;109,346957;0,585095507
GBR;United Kingdom;2022;2322457;1303150,341;44,00217607;46,81388813;26,26767009;104,8640867;0,56110849
GBR;United Kingdom;2023;2497390;1394503,608;43,91030714;50,0450755;27,94438928;104,354988;0,558384397
ITA;Italy;1970;33558,464;;;;;;
ITA;Italy;1971;36764,428;;;;;;
ITA;Italy;1972;40605,165;;;;;;
ITA;Italy;1973;49220,586;;;;;;
ITA;Italy;1974;62538,807;;;;;;
ITA;Italy;1975;73125,593;;;;;;
ITA;Italy;1976;91265,4;;;;;;
ITA;Italy;1977;110435,176;;;;;;
ITA;Italy;1978;130088,726;;;;;;
ITA;Italy;1979;160235,018;;;;;;
ITA;Italy;1980;199158,404;143318,0501;26,39496231;5,125179946;3,688173744;114,5630061;0,71961839
ITA;Italy;1981;239744,627;175853,1269;26,5480393;6,153818177;4,513837005;116,7732479;0,733501848
ITA;Italy;1982;281313,12;205257,2643;26,46265421;7,16219825;5,225825298;116,15842;0,729639856
ITA;Italy;1983;325173,18;239916,1205;26,71831334;8,255465375;6,09096736;117,4591515;0,737810297
ITA;Italy;1984;372113,087;268345,7609;27,75831721;9,500277135;6,851033154;114,8053012;0,721140348
ITA;Italy;1985;418440,651;297770,2618;28,34023951;10,60279311;7,545147619;113,2894846;0,711618867
ITA;Italy;1986;461654,98;321201,0824;28,78776318;11,56538105;8,046729859;110,764763;0,695760029
ITA;Italy;1987;501524,582;348446,1761;29,34885928;12,40850922;8,621108008;110,6077672;0,694773873
ITA;Italy;1988;553871,034;382050,5585;30,20258304;13,53185078;9,334034152;109,8131458;0,689782522
ITA;Italy;1989;607815,904;415905,9923;31,29525597;14,87393032;10,17768161;108,9344551;0,684263096
ITA;Italy;1990;669446,325;463226,6308;31,57409442;16,21783491;11,22200951;110,1589796;0,691954849
ITA;Italy;1991;727082,794;506499,1336;31,56145316;17,35526839;12,08999645;110,9013893;0,696618236
ITA;Italy;1992;763243,804;534547,3867;31,98560411;18,32053767;12,83101872;111,4974848;0,700362563
ITA;Italy;1993;789026,018;538465,6806;32,70195188;19,46362097;13,28282169;108,6447767;0,682443504
ITA;Italy;1994;833955,972;548796,8363;34,12398832;20,98468173;13,80927451;104,7636506;0,65806452
ITA;Italy;1995;895283,9;570860,126;35,13734528;22,54489645;14,37530869;101,5105268;0,637630282
ITA;Italy;1996;949523,4;610316,6611;35,22907645;23,65018259;15,20141628;102,3273439;0,642761054
ITA;Italy;1997;987242,7;637862,4021;35,80405063;24,5853316;15,88470461;102,8596922;0,646104957
ITA;Italy;1998;1023890,8;636714,7338;35,73656361;25,03896003;15,5706788;98,99959235;0,621858048
ITA;Italy;1999;1054253,7;656854,1549;35,94141054;25,52339604;15,90238548;99,18956023;0,623051316
ITA;Italy;2000;1115546,2;678123,0209;36,9969497;26,76068221;16,26739857;96,77497643;0,6078843
ITA;Italy;2001;1178148,1;712422,3304;37,19478338;27,87892451;16,85829512;96,26751999;0,604696753
ITA;Italy;2002;1220342,3;743043,6181;37,02079473;28,6342692;17,43487134;96,93370006;0,60888131
ITA;Italy;2003;1264275;780666,6225;36,78262304;29,46229468;18,19242655;98,30287251;0,617481657
ITA;Italy;2004;1312780,2;809924,8725;37,20082329;30,43628668;18,77778596;98,21885471;0,616953906
ITA;Italy;2005;1348360,1;839203,5273;37,37997689;31,16717089;19,39808197;99,08400562;0,622388283
ITA;Italy;2006;1394329,2;872786,2917;37,33602973;31,5807083;19,76807865;99,65170674;0,625954252
ITA;Italy;2007;1453436,5;906850,293;37,35000137;32,41534898;20,22507947;99,33028523;0,623935269
ITA;Italy;2008;1479747,8;928918,8929;37,18480256;33,12957931;20,79725487;99,93836505;0,627754873
ITA;Italy;2009;1425773,8;922466,1941;36,40058574;33,07682355;21,4004855;103,0011271;0,646993369
ITA;Italy;2010;1449486,7;939636,5077;37,25836105;33,80827377;21,91637102;103,2019242;0,64825466
ITA;Italy;2011;1480015,2;950486,4099;37,54904503;34,51960527;22,1689721;102,2402454;0,642213952
ITA;Italy;2012;1455350,5;937492,2776;37,40638785;34,79799191;22,41580203;102,5515543;0,644169413
ITA;Italy;2013;1445573,7;927669,1488;37,81995418;35,48075407;22,76909225;102,1633259;0,641730787
ITA;Italy;2014;1453767,7;929270,9813;37,834027;35,71999189;22,83277577;101,7629076;0,639215592
ITA;Italy;2015;1479703,7;943527,869;37,88247155;36,06761243;22,99838643;101,5131069;0,637646489
ITA;Italy;2016;1515428,7;955802,7041;37,76797017;36,33010073;22,91391771;100,4095208;0,630714401
ITA;Italy;2017;1552004;969900,7509;38,0492536;36,80585219;23,00124464;99,48935302;0,62493444
ITA;Italy;2018;1582453,4;992633,6624;38,0506455;37,16089014;23,3101022;99,86199007;0,62727513
ITA;Italy;2019;1604269,8;1012092,949;38,30455897;37,6599728;23,75871748;100,4350126;0,630874526
ITA;Italy;2020;1496321,9;939902,6736;39,8053485;39,8053485;25,00341235;100;0,628142029
ITA;Italy;2021;1644016,4;1024752,511;39,34494437;39,67183802;24,72835163;99,23274221;0,62332256
ITA;Italy;2022;1793606,6;1082763,074;39,5955484;41,50695807;25,05688901;96,10553269;0,603679243
ITA;Italy;2023;1924797,7;1129290,754;38,77073141;43,1948418;25,3426817;93,40343079;0,586706205
JPN;Japan;1970;77047621,03;;1512,430623;627,8503956;;;
JPN;Japan;1971;84781286,23;;1581,810909;687,2570159;;;
JPN;Japan;1972;97793683,39;;1728,480182;792,5320511;;;
JPN;Japan;1973;120103076,2;;1847,144774;963,5007207;;;
JPN;Japan;1974;142443894,3;;1884,168251;1181,919148;;;
JPN;Japan;1975;156819883,4;;1961,391358;1319,851558;;;
JPN;Japan;1976;176460366,4;;2003,488663;1462,023212;;;
JPN;Japan;1977;195438071,4;;2056,544245;1599,311342;;;
JPN;Japan;1978;215189712,4;;2137,317184;1748,862541;;;
JPN;Japan;1979;234038156,8;;2258,552214;1880,027919;;;
JPN;Japan;1980;253284451,1;179218101,6;2347,406479;2025,418909;1433,138632;122,7358645;0,707576406
JPN;Japan;1981;270721527,3;191360885,6;2418,290588;2163,787567;1529,484224;122,6107429;0,706855075
JPN;Japan;1982;284814988;200613471,1;2453,175208;2260,127252;1591,952644;122,1786707;0,704364165
JPN;Japan;1983;296665356,2;207472937,2;2479,870941;2329,024969;1628,803771;121,308928;0,699350068
JPN;Japan;1984;315040775,1;216102944,4;2540,157304;2449,689753;1680,370322;118,9849576;0,6859523
JPN;Japan;1985;336207495,7;223669101,3;2681,044372;2618,819023;1742,224384;115,3975914;0,665271013
JPN;Japan;1986;351184137,8;232620680,2;2730,704112;2716,371408;1799,295858;114,8977629;0,662389485
JPN;Japan;1987;369001436,5;240394436,5;2842,784549;2844,280331;1852,97156;113,0041775;0,651472901
JPN;Japan;1988;395526811,6;252288037;2991,526869;3019,510923;1926,004663;110,6417083;0,637853186
JPN;Japan;1989;424349539,6;268748219,1;3128,496131;3226,434394;2043,359109;109,8550441;0,633318041
JPN;Japan;1990;457750755,2;285933074,9;3303,146533;3488,99663;2179,394623;108,3511358;0,624647959
JPN;Japan;1991;487390190,7;308147908,5;3415,316688;3701,004338;2339,925521;109,6681667;0,632240686
JPN;Japan;1992;500380325,4;317223767,4;3469,159509;3820,346119;2421,966906;109,9673189;0,633965309
JPN;Japan;1993;503611816,3;319908540,7;3575,568696;3951,16676;2509,893436;110,1864184;0,635228425
JPN;Japan;1994;507736800;325219790,8;3613,770002;3993,722075;2558,092023;111,1057327;0,640528303
JPN;Japan;1995;517306700;327486355;3719,51017;4085,144878;2586,143202;109,8103433;0,633060339
JPN;Japan;1996;530834900;331922855,9;3815,18741;4170,094514;2607,495627;108,4615568;0,625284539
JPN;Japan;1997;541529300;341143952;3896,049108;4284,870301;2699,313939;109,27325;0,629963978
JPN;Japan;1998;535877000;334403785,1;3942,436881;4342,821675;2710,054745;108,2440942;0,62403086
JPN;Japan;1999;529448900;323974439,4;4067,342659;4425,91585;2708,256843;106,1414069;0,611908797
JPN;Japan;2000;535696700;322663581,6;4179,345581;4483,725199;2700,66034;104,4790277;0,602325125
JPN;Japan;2001;528543800;317096130,9;4212,540854;4469,551348;2681,475857;104,0658182;0,599942958
JPN;Japan;2002;524121800;305058928,4;4306,79701;4511,936317;2626,119459;100,9600739;0,582038237
JPN;Japan;2003;524457500;301181322,9;4368,214094;4509,943184;2589,934655;99,61296779;0,574272125
JPN;Japan;2004;530393900;298134639,8;4470,89926;4570,672816;2569,17716;97,50167163;0,562100431
JPN;Japan;2005;534950800;303135851,7;4552,776711;4593,879701;2603,173293;98,29277698;0,56666118
JPN;Japan;2006;536229100;305324284,3;4557,638694;4549,85312;2590,647631;98,76637459;0,569391486
JPN;Japan;2007;540420000;307037452,1;4590,432878;4551,836521;2586,107634;98,55033015;0,568145983
JPN;Japan;2008;528343900;306822334,8;4580,637567;4492,189999;2608,725536;100,7322225;0,580724666
JPN;Japan;2009;495454300;288953664,6;4477,532294;4403,363275;2568,083383;101,1632441;0,58320952
JPN;Japan;2010;505472200;284702170,5;4602,102115;4448,972974;2505,839614;97,69934364;0,563240017
JPN;Japan;2011;494826500;284233333,3;4616,85272;4381,643484;2516,860218;99,63689877;0,574410088
JPN;Japan;2012;497635100;284095317,6;4655,739901;4394,312645;2508,672814;99,02645081;0,570890835
JPN;Japan;2013;505334200;286475648,3;4754,463155;4472,343916;2535,386726;98,33478276;0,566903345
JPN;Japan;2014;514630700;290651266,2;4764,342283;4549,221175;2569,292688;97,96584126;0,564776385
JPN;Japan;2015;534876000;292092119,7;4864,648362;4749,157832;2593,482561;94,72505631;0,54609315
JPN;Japan;2016;542415700;298557409;4868,826953;4784,872569;2633,698023;95,47589644;0,550421769
JPN;Japan;2017;550565600;302346010,5;4928,912431;4820,394164;2647,144944;95,25621325;0,549155288
JPN;Japan;2018;553632000;310168758,1;4957,968722;4845,790918;2714,823115;97,17957825;0,560243552
JPN;Japan;2019;554957800;315418019,1;4993,349025;4919,705192;2796,183181;98,5881423;0,568363971
JPN;Japan;2020;537476100;309856787,6;4930,070788;4930,070788;2842,202466;100;0,576503379
JPN;Japan;2021;548910200;316083739,9;5050,282955;5006,404824;2882,881681;99,88470639;0,575838707
JPN;Japan;2022;554889900;322874275;5137,547187;5054,698939;2941,182125;100,9310444;0,581870881
JPN;Japan;2023;587842700;328406926,7;5188,498662;5323,630106;2974,123864;96,90569987;0,558664634
USA;United States;1970;;;;;4,424972129;;
USA;United States;1971;;;;;4,747000307;;
USA;United States;1972;;;;;5,072683431;;
USA;United States;1973;;;;;5,404855018;;
USA;United States;1974;;;;;5,895021748;;
USA;United States;1975;;;;;6,465366126;;
USA;United States;1976;;;;;6,954962843;;
USA;United States;1977;;;;;7,481884353;;
USA;United States;1978;;;;;8,078968938;;
USA;United States;1979;;;;;8,810298803;;
USA;United States;1980;;;;;9,733118038;;
USA;United States;1981;;;;;10,67732974;;
USA;United States;1982;;;;;11,54994459;;
USA;United States;1983;;;;;12,10820278;;
USA;United States;1984;;;;;12,70959322;;
USA;United States;1985;;;;;13,43163023;;
USA;United States;1986;;;;;14,15512227;;
USA;United States;1987;;3092092,678;;;14,72924518;;
USA;United States;1988;;3360096,584;;;15,53475748;;
USA;United States;1989;;3559655,982;;;16,09934792;;
USA;United States;1990;;3782001,731;;;17,00166524;;
USA;United States;1991;;3941134,084;;;17,94342837;;
USA;United States;1992;;4176825,908;;;18,97511874;;
USA;United States;1993;;4362304,463;;;19,33829892;;
USA;United States;1994;;4582105,866;;;19,75053294;;
USA;United States;1995;;4772971,523;;;20,1606165;;
USA;United States;1996;;5047334,886;;;20,94716612;;
USA;United States;1997;8577600;5365745,76;52,6308897;34,6320626;21,66420013;105,7990273;0,625553274
USA;United States;1998;9062800;5738520,654;53,90038412;35,8656869;22,70997761;107,0914815;0,633195111
USA;United States;1999;9631200;6105474,836;55,40564938;37,38918574;23,70200314;107,2152142;0,6339267
USA;United States;2000;10251000;6597907,506;56,85032885;39,23335176;25,25197796;108,8572511;0,6436355
USA;United States;2001;10581900;6791516,644;58,21908937;41,08231293;26,36683507;108,5476661;0,64180503
USA;United States;2002;10929100;6871564,528;59,99793134;42,99551991;27,03301182;106,3380282;0,628740201
USA;United States;2003;11456500;7113640,825;61,99645022;45,30506425;28,13110065;105,0164535;0,620926184
USA;United States;2004;12217200;7529543,576;63,54402157;47,68432146;29,38817211;104,2351849;0,616306811
USA;United States;2005;13039200;7917460,241;64,82324366;50,16948631;30,46313525;102,6957138;0,607204448
USA;United States;2006;13815600;8367025,407;65,49315909;52,25144201;31,64460051;102,4280042;0,605621573
USA;United States;2007;14474200;8827853,501;66,14347012;54,19976873;33,05658469;103,1520639;0,609902689
USA;United States;2008;14769900;8978169,803;67,05708636;56,00715926;34,04503659;102,8081712;0,60786937
USA;United States;2009;14478100;8606526,483;69,50048497;58,40602436;34,71954161;100,5388032;0,594451377
USA;United States;2010;15049000;8792873,264;71,19088642;60,55341045;35,38032187;98,81902053;0,584282893
USA;United States;2011;15599700;9118126,058;71,1100413;61,73248426;36,08303835;98,85683892;0,584506501
USA;United States;2012;16254000;9482110,194;71,46640383;63,19723416;36,86742576;98,66477192;0,583370875
USA;United States;2013;16880700;9781175,42;71,79907615;64,57193984;37,41488627;97,99817086;0,579429492
USA;United States;2014;17608100;10202202,66;72,3534762;66,20377925;38,35873108;97,99385073;0,579403948
USA;United States;2015;18295000;10680592,35;73,1984911;67,59864987;39,46398594;98,73708451;0,583798434
USA;United States;2016;18804900;10932160,39;73,68485876;68,69432598;39,93519717;98,32237036;0,581346372
USA;United States;2017;19612100;11428041,35;74,46489656;70,66488864;41,17668528;98,5519173;0,582703604
USA;United States;2018;20656500;12042315,56;75,27736814;73,0723461;42,59967809;98,59857532;0,582979477
USA;United States;2019;21540000;12520532,57;76,57239721;75,55625398;43,91850226;98,30927128;0,581268921
USA;United States;2020;21375300;12638479,99;80,05592413;80,05592413;47,33431554;100;0,591265619
USA;United States;2021;23725600;13717492,9;81,52025093;85,2397881;49,28331371;97,78560193;0,578172645
USA;United States;2022;26054600;14593441,69;81,10138696;90,83356546;50,87678724;94,73068782;0,560109988
USA;United States;2023;27811500;15411838,34;82,26886033;95,5504937;52,94963458;93,72326413;0,554153438